OBJECTID,Precinct,TownshipName,TownshipCode,PrecinctName,PrecinctID,Label,PollingID,Format,LastEditor,LastUpdate,Notes,ShapeSTArea,ShapeSTLength
1,20060,Bloomingdale,2,Bloomingdale 60,2-60,60,762,Landscape,"GIS-RLS, ED Guidance",2023-07-05T00:00:00Z,,6981693.24002983,13708.730525521712
2,20057,Bloomingdale,2,Bloomingdale 57,2-57,57,195,Portrait,"GIS-RLS, ED Guidance",2023-07-05T00:00:00Z,,2581629.2336738487,7291.385030802304
3,20065,Bloomingdale,2,Bloomingdale 65,2-65,65,762,Landscape,"GIS-RLS, ED Guidance",2023-07-05T00:00:00Z,,10509046.827508686,14228.761357434374
4,20035,Bloomingdale,2,Bloomingdale 35,2-35,35,806,Portrait,"GIS-RLS, ED Guidance",2023-07-05T00:00:00Z,,11017701.633938394,13476.205643117255
5,20033,Bloomingdale,2,Bloomingdale 33,2-33,33,46,Portrait,"GIS-RLS, ED Guidance",2023-07-05T00:00:00Z,,7669655.498133464,11087.996262714409
6,20059,Bloomingdale,2,Bloomingdale 59,2-59,59,782,Landscape,"GIS-RLS, ED Guidance",2023-07-05T00:00:00Z,,7729264.197192247,13870.805059569991
7,20009,Bloomingdale,2,Bloomingdale 9,2-9,9,783,Portrait,"GIS-RLS, ED Guidance",2023-07-05T00:00:00Z,,9638339.505802143,16023.450063596536
8,20020,Bloomingdale,2,Bloomingdale 20,2-20,20,326,Portrait,"GIS-RLS, ED Guidance",2023-07-05T00:00:00Z,,17342703.10331997,20695.573962889393
9,20002,Bloomingdale,2,Bloomingdale 2,2-2,2,757,Landscape,"GIS-RLS, ED Guidance",2023-07-05T00:00:00Z,,31228851.758220635,26111.176977156712
10,20048,Bloomingdale,2,Bloomingdale 48,2-48,48,768,Portrait,"GIS-RLS, ED Guidance",2023-07-05T00:00:00Z,,4213245.17775082,8591.303812232205
11,20041,Bloomingdale,2,Bloomingdale 41,2-41,41,764,Portrait,"GIS-RLS, ED Guidance",2023-07-05T00:00:00Z,,19576454.84516114,23288.363201691343
12,20040,Bloomingdale,2,Bloomingdale 40,2-40,40,764,Landscape,"GIS-RLS, ED Guidance",2023-07-05T00:00:00Z,,5265942.457506805,10711.467957701589
13,20026,Bloomingdale,2,Bloomingdale 26,2-26,26,326,Landscape,"GIS-RLS, ED Guidance",2023-07-05T00:00:00Z,,18978989.915000774,22874.7832918155
14,20066,Bloomingdale,2,Bloomingdale 66,2-66,66,177,Landscape,"GIS-RLS, ED Guidance",2023-07-05T00:00:00Z,,9696773.641594196,13685.698131204408
15,20061,Bloomingdale,2,Bloomingdale 61,2-61,61,303,Portrait,"GIS-RLS, ED Guidance",2023-07-05T00:00:00Z,,7763041.54908033,13782.281382908604
16,20067,Bloomingdale,2,Bloomingdale 67,2-67,67,819,Landscape,"GIS-RLS, ED Guidance",2023-07-05T00:00:00Z,,10986976.287986545,17011.372215486535
17,20039,Bloomingdale,2,Bloomingdale 39,2-39,39,806,Landscape,"GIS-RLS, ED Guidance",2023-07-05T00:00:00Z,,6711062.404229312,12120.083611405189
18,20001,Bloomingdale,2,Bloomingdale 1,2-1,1,757,Portrait,"GIS-RLS, ED Guidance",2023-07-05T00:00:00Z,,3915606.005796786,8457.43339276948
19,20013,Bloomingdale,2,Bloomingdale 13,2-13,13,952,Landscape,"GIS-RLS, ED Guidance",2024-08-21T00:00:00Z,,8578536.997364808,15161.151683556633
20,20012,Bloomingdale,2,Bloomingdale 12,2-12,12,952,Landscape,"GIS-RLS, ED Guidance",2024-08-21T00:00:00Z,,8073695.929646921,14899.28248722914
21,20011,Bloomingdale,2,Bloomingdale 11,2-11,11,47,Landscape,"GIS-RLS, ED Guidance",2023-07-05T00:00:00Z,,14226310.831460169,16009.982301084361
22,20042,Bloomingdale,2,Bloomingdale 42,2-42,42,942,Portrait,"GIS-RLS, ED Guidance",2023-07-05T00:00:00Z,,19247637.74674056,20473.07700907411
23,20034,Bloomingdale,2,Bloomingdale 34,2-34,34,763,Portrait,"GIS-RLS, ED Guidance",2023-07-05T00:00:00Z,,8380506.433151694,12418.224079245403
24,20027,Bloomingdale,2,Bloomingdale 27,2-27,27,213,Landscape,"GIS-RLS, ED Guidance",2023-07-05T00:00:00Z,,18914514.49712964,18439.201810351282
25,20003,Bloomingdale,2,Bloomingdale 3,2-3,3,783,Landscape,"GIS-RLS, ED Guidance",2023-07-05T00:00:00Z,,24155524.50918458,27828.177848720956
26,20004,Bloomingdale,2,Bloomingdale 4,2-4,4,329,Landscape,"GIS-RLS, ED Guidance",2023-07-05T00:00:00Z,,6587773.087465531,14127.748556156304
27,20038,Bloomingdale,2,Bloomingdale 38,2-38,38,806,Landscape,"GIS-RLS, ED Guidance",2023-07-05T00:00:00Z,,6133586.444505364,14410.467953648105
28,20022,Bloomingdale,2,Bloomingdale 22,2-22,22,760,Landscape,"GIS-RLS, ED Guidance",2024-08-21T00:00:00Z,,49264778.744387366,33979.977335199255
29,20014,Bloomingdale,2,Bloomingdale 14,2-14,14,838,Landscape,"GIS-RLS, ED Guidance",2023-07-05T00:00:00Z,,13814919.191564796,18875.026212291352
30,20016,Bloomingdale,2,Bloomingdale 16,2-16,16,84,Portrait,"GIS-RLS, ED Guidance",2023-07-05T00:00:00Z,,6945510.354663059,13759.824628732686
31,20025,Bloomingdale,2,Bloomingdale 25,2-25,25,763,Landscape,"GIS-RLS, ED Guidance",2023-07-05T00:00:00Z,,10537771.743872399,18742.484616299334
32,20029,Bloomingdale,2,Bloomingdale 29,2-29,29,781,Landscape,"GIS-RLS, ED Guidance",2023-07-05T00:00:00Z,,39975369.21316376,26145.16673894492
33,20028,Bloomingdale,2,Bloomingdale 28,2-28,28,781,Portrait,"GIS-RLS, ED Guidance",2023-07-05T00:00:00Z,,7182139.042536818,14552.00538992267
34,20052,Bloomingdale,2,Bloomingdale 52,2-52,52,805,Landscape,"GIS-RLS, ED Guidance",2023-07-05T00:00:00Z,,4466964.470101027,11412.858667048227
35,20053,Bloomingdale,2,Bloomingdale 53,2-53,53,805,Landscape,"GIS-RLS, ED Guidance",2023-07-05T00:00:00Z,,14810704.804586472,20346.934861619528
36,20062,Bloomingdale,2,Bloomingdale 62,2-62,62,67,Portrait,"GIS-RLS, ED Guidance",2023-07-05T00:00:00Z,,13313391.276526343,16177.139640516994
37,20064,Bloomingdale,2,Bloomingdale 64,2-64,64,189,Portrait,"GIS-RLS, ED Guidance",2023-07-05T00:00:00Z,,11274193.696120912,14243.468019693535
38,20068,Bloomingdale,2,Bloomingdale 68,2-68,68,819,Landscape,"GIS-RLS, ED Guidance",2023-07-05T00:00:00Z,,36788483.69252182,28833.057259479556
39,20069,Bloomingdale,2,Bloomingdale 69,2-69,69,189,Portrait,"GIS-RLS, ED Guidance",2023-07-05T00:00:00Z,,12723394.693456804,19413.341768190363
40,20050,Bloomingdale,2,Bloomingdale 50,2-50,50,942,Portrait,"GIS-RLS, ED Guidance",2023-07-05T00:00:00Z,,60246310.38076902,37747.50179270025
41,20021,Bloomingdale,2,Bloomingdale 21,2-21,21,213,Landscape,"GIS-RLS, ED Guidance",2023-07-05T00:00:00Z,,26249080.73012796,20867.233461552223
42,20018,Bloomingdale,2,Bloomingdale 18,2-18,18,47,Landscape,"GIS-RLS, ED Guidance",2023-07-05T00:00:00Z,,29774031.95798181,27828.01158394663
43,20017,Bloomingdale,2,Bloomingdale 17,2-17,17,84,Portrait,"GIS-RLS, ED Guidance",2023-07-05T00:00:00Z,,9360439.66995122,17051.545958344384
44,20046,Bloomingdale,2,Bloomingdale 46,2-46,46,805,Landscape,"GIS-RLS, ED Guidance",2023-07-05T00:00:00Z,,25990143.66617887,23103.74615546254
45,20044,Bloomingdale,2,Bloomingdale 44,2-44,44,781,Landscape,"GIS-RLS, ED Guidance",2023-07-05T00:00:00Z,,8733434.174554303,14476.590498445912
46,20047,Bloomingdale,2,Bloomingdale 47,2-47,47,768,Landscape,"GIS-RLS, ED Guidance",2023-07-05T00:00:00Z,,14528000.293779388,16883.57897671247
47,20055,Bloomingdale,2,Bloomingdale 55,2-55,55,67,Landscape,"GIS-RLS, ED Guidance",2023-07-05T00:00:00Z,,19904006.80431026,22997.878621880885
48,20063,Bloomingdale,2,Bloomingdale 63,2-63,63,67,Portrait,"GIS-RLS, ED Guidance",2023-07-05T00:00:00Z,,7116733.423507089,10725.32497265624
49,20054,Bloomingdale,2,Bloomingdale 54,2-54,54,195,Landscape,"GIS-RLS, ED Guidance",2023-07-05T00:00:00Z,,11893961.499424623,15816.637574113598
50,20058,Bloomingdale,2,Bloomingdale 58,2-58,58,761,Portrait,"GIS-RLS, ED Guidance",2023-07-05T00:00:00Z,,7173176.250046956,10837.36738239032
51,20037,Bloomingdale,2,Bloomingdale 37,2-37,37,46,Landscape,"GIS-RLS, ED Guidance",2023-07-05T00:00:00Z,,5960492.5749111045,12623.889317214036
52,20036,Bloomingdale,2,Bloomingdale 36,2-36,36,764,Portrait,"GIS-RLS, ED Guidance",2023-07-05T00:00:00Z,,11089394.933004964,15948.159341207953
53,20043,Bloomingdale,2,Bloomingdale 43,2-43,43,5,Portrait,"GIS-RLS, ED Guidance",2023-07-05T00:00:00Z,,10309997.884178141,16546.416504172674
54,20019,Bloomingdale,2,Bloomingdale 19,2-19,19,952,Landscape,"GIS-RLS, ED Guidance",2024-08-02T00:00:00Z,,8179483.60736037,14728.058908686267
55,20010,Bloomingdale,2,Bloomingdale 10,2-10,10,783,Portrait,"GIS-RLS, ED Guidance",2023-07-05T00:00:00Z,,6954769.743115615,11067.793680553328
56,20049,Bloomingdale,2,Bloomingdale 49,2-49,49,768,Portrait,"GIS-RLS, ED Guidance",2023-07-05T00:00:00Z,,27797167.76922744,24848.5120088521
57,20024,Bloomingdale,2,Bloomingdale 24,2-24,24,763,Landscape,"GIS-RLS, ED Guidance",2023-07-05T00:00:00Z,,6493046.041407165,14384.147225137374
58,20031,Bloomingdale,2,Bloomingdale 31,2-31,31,820,Portrait,"GIS-RLS, ED Guidance",2024-08-21T00:00:00Z,,7352265.308444384,13257.796035114477
59,20030,Bloomingdale,2,Bloomingdale 30,2-30,30,820,Portrait,"GIS-RLS, ED Guidance",2024-08-21T00:00:00Z,,5168903.0066644875,11425.87640178478
60,20032,Bloomingdale,2,Bloomingdale 32,2-32,32,46,Landscape,"GIS-RLS, ED Guidance",2023-07-05T00:00:00Z,,22306210.265308034,24899.123964525625
61,20007,Bloomingdale,2,Bloomingdale 7,2-7,7,240,Portrait,"GIS-RLS, ED Guidance",2023-07-05T00:00:00Z,,5841435.983599774,10283.898648748855
62,20006,Bloomingdale,2,Bloomingdale 6,2-6,6,329,Landscape,"GIS-RLS, ED Guidance",2023-07-05T00:00:00Z,,43655709.67090966,27318.26891215149
63,20071,Bloomingdale,2,Bloomingdale 71,2-71,71,177,Landscape,"GIS-RLS, ED Guidance",2023-07-05T00:00:00Z,,11479414.709980005,14656.954737608521
64,20072,Bloomingdale,2,Bloomingdale 72,2-72,72,177,Landscape,"GIS-RLS, ED Guidance",2023-07-05T00:00:00Z,,7699866.216147062,12377.381633195124
65,20008,Bloomingdale,2,Bloomingdale 8,2-8,8,838,Portrait,"GIS-RLS, ED Guidance",2023-07-05T00:00:00Z,,3369066.257474618,7949.311233978773
66,20051,Bloomingdale,2,Bloomingdale 51,2-51,51,303,Landscape,"GIS-RLS, ED Guidance",2023-07-05T00:00:00Z,,9529651.907678112,16041.794036308693
67,20045,Bloomingdale,2,Bloomingdale 45,2-45,45,303,Landscape,"GIS-RLS, ED Guidance",2023-07-05T00:00:00Z,,5834752.636432453,14495.513940732822
68,20056,Bloomingdale,2,Bloomingdale 56,2-56,56,195,Portrait,"GIS-RLS, ED Guidance",2023-07-05T00:00:00Z,,4766946.331349788,9943.72991794791
69,20023,Bloomingdale,2,Bloomingdale 23,2-23,23,760,Portrait,"GIS-RLS, ED Guidance",2024-08-21T00:00:00Z,,14185563.049051939,19681.270547115182
70,20015,Bloomingdale,2,Bloomingdale 15,2-15,15,84,Portrait,"GIS-RLS, ED Guidance",2023-07-05T00:00:00Z,,6723786.185833326,13413.616379423518
71,20005,Bloomingdale,2,Bloomingdale 5,2-5,5,329,Landscape,"GIS-RLS, ED Guidance",2023-07-05T00:00:00Z,,5273392.030184028,9745.506167461523
72,10002,Wayne,1,Wayne 2,1-2,2,27,Landscape,"GIS-RLS, ED Guidance",2023-07-05T00:00:00Z,,30931488.14221633,22382.916100141134
73,10034,Wayne,1,Wayne 34,1-34,34,747,Landscape,"GIS-RLS, ED Guidance",2023-07-05T00:00:00Z,,5305346.678379269,11003.242810234698
74,10027,Wayne,1,Wayne 27,1-27,27,99,Portrait,"GIS-RLS, ED Guidance",2023-07-05T00:00:00Z,,24407631.375379723,31780.46426338712
75,10035,Wayne,1,Wayne 35,1-35,35,747,Landscape,"GIS-RLS, ED Guidance",2023-07-05T00:00:00Z,,5114674.707386777,10582.402918465172
76,10014,Wayne,1,Wayne 14,1-14,14,27,Portrait,"GIS-RLS, ED Guidance",2023-07-05T00:00:00Z,,9514368.917316625,18044.462971627905
77,10023,Wayne,1,Wayne 23,1-23,23,717,Portrait,"GIS-RLS, ED Guidance",2023-07-05T00:00:00Z,,6823508.570061153,12931.068287709002
78,10032,Wayne,1,Wayne 32,1-32,32,368,Portrait,"GIS-RLS, ED Guidance",2023-07-05T00:00:00Z,,10546145.55537163,19033.919264260498
79,10019,Wayne,1,Wayne 19,1-19,19,398,Portrait,"GIS-RLS, ED Guidance",2023-07-05T00:00:00Z,,96285115.79487088,45824.63293481109
80,10043,Wayne,1,Wayne 43,1-43,43,498,Landscape,"GIS-RLS, ED Guidance",2023-07-05T00:00:00Z,,15706192.464193717,22641.677322336727
81,10004,Wayne,1,Wayne 4,1-4,4,29,Landscape,"GIS-RLS, ED Guidance",2023-07-05T00:00:00Z,,9360871.787954938,12632.889971308061
82,10005,Wayne,1,Wayne 5,1-5,5,240,Landscape,"GIS-RLS, ED Guidance",2023-07-05T00:00:00Z,,15302976.928997725,18782.736459274733
83,10007,Wayne,1,Wayne 7,1-7,7,27,Landscape,"GIS-RLS, ED Guidance",2023-07-05T00:00:00Z,,13792222.5522464,18199.44683714353
84,10013,Wayne,1,Wayne 13,1-13,13,293,Portrait,"GIS-RLS, ED Guidance",2023-07-05T00:00:00Z,,10717861.068448875,15760.786677233677
85,10024,Wayne,1,Wayne 24,1-24,24,717,Portrait,"GIS-RLS, ED Guidance",2023-07-05T00:00:00Z,,5461146.598698792,11251.922718844915
86,10001,Wayne,1,Wayne 1,1-1,1,293,Landscape,"GIS-RLS, ED Guidance",2023-07-05T00:00:00Z,,109477342.22160083,47519.04477506669
87,10020,Wayne,1,Wayne 20,1-20,20,398,Portrait,"GIS-RLS, ED Guidance",2023-07-05T00:00:00Z,,84249955.41144612,47308.20792920424
88,10040,Wayne,1,Wayne 40,1-40,40,498,Landscape,"GIS-RLS, ED Guidance",2023-07-05T00:00:00Z,,68069115.926793,51896.0786137248
89,10021,Wayne,1,Wayne 21,1-21,21,881,Portrait,"GIS-RLS, ED Guidance",2023-07-05T00:00:00Z,,71567286.65287241,34946.84700222857
90,10022,Wayne,1,Wayne 22,1-22,22,717,Landscape,"GIS-RLS, ED Guidance",2023-07-05T00:00:00Z,,16034799.149050677,19424.288868178224
91,10006,Wayne,1,Wayne 6,1-6,6,71,Portrait,"GIS-RLS, ED Guidance",2023-07-05T00:00:00Z,,4978699.023116696,9839.065736169148
92,10030,Wayne,1,Wayne 30,1-30,30,368,Portrait,"GIS-RLS, ED Guidance",2023-07-05T00:00:00Z,,9255399.62452822,14181.857415056767
93,10036,Wayne,1,Wayne 36,1-36,36,687,Landscape,"GIS-RLS, ED Guidance",2023-07-05T00:00:00Z,,8233430.4111992605,13484.195858002504
94,10018,Wayne,1,Wayne 18,1-18,18,389,Portrait,"GIS-RLS, ED Guidance",2023-07-05T00:00:00Z,,8542427.84428737,13771.704558196989
95,10011,Wayne,1,Wayne 11,1-11,11,16,Landscape,"GIS-RLS, ED Guidance",2023-07-05T00:00:00Z,,9410696.474247012,12436.022952781752
96,10015,Wayne,1,Wayne 15,1-15,15,389,Landscape,"GIS-RLS, ED Guidance",2023-07-05T00:00:00Z,,20842398.35556695,22633.767167597856
97,10010,Wayne,1,Wayne 10,1-10,10,16,Portrait,"GIS-RLS, ED Guidance",2023-07-05T00:00:00Z,,11426551.612970786,20087.001780839793
98,10012,Wayne,1,Wayne 12,1-12,12,398,Portrait,"GIS-RLS, ED Guidance",2023-07-05T00:00:00Z,,12760500.489501247,16503.782685360704
99,10026,Wayne,1,Wayne 26,1-26,26,812,Portrait,"GIS-RLS, ED Guidance",2023-07-05T00:00:00Z,,5481618.873935434,10041.695954164983
100,10037,Wayne,1,Wayne 37,1-37,37,747,Landscape,"GIS-RLS, ED Guidance",2023-07-05T00:00:00Z,,6513506.750581686,12988.346087568852
101,10042,Wayne,1,Wayne 42,1-42,42,497,Portrait,"GIS-RLS, ED Guidance",2023-07-05T00:00:00Z,,5478399.097380563,11372.718209704573
102,10003,Wayne,1,Wayne 3,1-3,3,29,Portrait,"GIS-RLS, ED Guidance",2023-07-05T00:00:00Z,,9068460.397254208,14673.486200948733
103,10028,Wayne,1,Wayne 28,1-28,28,99,Portrait,"GIS-RLS, ED Guidance",2023-07-05T00:00:00Z,,7195423.298899408,14744.334103458279
104,10025,Wayne,1,Wayne 25,1-25,25,368,Portrait,"GIS-RLS, ED Guidance",2023-07-05T00:00:00Z,,5177844.407490141,10962.203017095911
105,10029,Wayne,1,Wayne 29,1-29,29,99,Portrait,"GIS-RLS, ED Guidance",2023-07-05T00:00:00Z,,5385678.161779914,12408.200081652676
106,10031,Wayne,1,Wayne 31,1-31,31,368,Portrait,"GIS-RLS, ED Guidance",2023-07-05T00:00:00Z,,7006391.026813282,14106.374507339817
107,10017,Wayne,1,Wayne 17,1-17,17,389,Portrait,"GIS-RLS, ED Guidance",2023-07-05T00:00:00Z,,17214148.898258533,20645.062256063135
108,10016,Wayne,1,Wayne 16,1-16,16,389,Landscape,"GIS-RLS, ED Guidance",2023-07-05T00:00:00Z,,8397919.529174035,15564.168747913283
109,10009,Wayne,1,Wayne 9,1-9,9,16,Portrait,"GIS-RLS, ED Guidance",2023-07-05T00:00:00Z,,9710504.815977275,17660.81966170035
110,10008,Wayne,1,Wayne 8,1-8,8,71,Landscape,"GIS-RLS, ED Guidance",2023-07-05T00:00:00Z,,13664837.06544697,15261.797008641528
111,10041,Wayne,1,Wayne 41,1-41,41,687,Landscape,"GIS-RLS, ED Guidance",2023-07-05T00:00:00Z,,46446871.39872722,44615.61508146812
112,30043,Addison,3,Addison 43,3-43,43,722,Portrait,"GIS-RLS, ED Guidance",2023-07-05T00:00:00Z,,7674362.517365226,15036.989194250436
113,30042,Addison,3,Addison 42,3-42,42,10,Landscape,"GIS-RLS, ED Guidance",2023-07-05T00:00:00Z,,9291685.554977821,16295.377774102468
114,30020,Addison,3,Addison 20,3-20,20,903,Portrait,"GIS-RLS, ED Guidance",2023-07-05T00:00:00Z,,17135932.18339064,17096.663526130476
115,30032,Addison,3,Addison 32,3-32,32,903,Landscape,"GIS-RLS, ED Guidance",2023-07-05T00:00:00Z,,9222088.214886533,14028.375347677676
116,30019,Addison,3,Addison 19,3-19,19,716,Portrait,"GIS-RLS, ED Guidance",2023-07-05T00:00:00Z,,7008063.817678561,12121.930541117295
117,30036,Addison,3,Addison 36,3-36,36,10,Landscape,"GIS-RLS, ED Guidance",2023-07-05T00:00:00Z,,9123418.460948668,12780.923895948079
118,30052,Addison,3,Addison 52,3-52,52,102,Portrait,"GIS-RLS, ED Guidance",2023-07-05T00:00:00Z,,9575004.903589653,19450.54602244783
119,30006,Addison,3,Addison 6,3-6,6,106,Portrait,"GIS-RLS, ED Guidance",2023-07-05T00:00:00Z,,133218836.25704548,48710.84261863023
120,30039,Addison,3,Addison 39,3-39,39,903,Landscape,"GIS-RLS, ED Guidance",2023-07-05T00:00:00Z,,18906210.829387154,17825.042211043823
121,30040,Addison,3,Addison 40,3-40,40,773,Landscape,"GIS-RLS, ED Guidance",2023-07-05T00:00:00Z,,26786593.369473968,28779.34372793322
122,30053,Addison,3,Addison 53,3-53,53,102,Landscape,"GIS-RLS, ED Guidance",2023-07-05T00:00:00Z,,18964422.236659653,19077.45852661935
123,30029,Addison,3,Addison 29,3-29,29,8,Portrait,"GIS-RLS, ED Guidance",2023-07-05T00:00:00Z,,14609300.227162736,17074.535007453804
124,30028,Addison,3,Addison 28,3-28,28,8,Portrait,"GIS-RLS, ED Guidance",2023-07-05T00:00:00Z,,10111707.125321684,14385.586925493011
125,30026,Addison,3,Addison 26,3-26,26,5,Portrait,"GIS-RLS, ED Guidance",2023-07-05T00:00:00Z,,4593042.539150122,8939.166619542275
126,30025,Addison,3,Addison 25,3-25,25,5,Portrait,"GIS-RLS, ED Guidance",2023-07-05T00:00:00Z,,9471151.499337852,13365.519634884271
127,30005,Addison,3,Addison 5,3-5,5,727,Portrait,"GIS-RLS, ED Guidance",2023-07-05T00:00:00Z,,27282192.632118225,25351.32278966869
128,30035,Addison,3,Addison 35,3-35,35,10,Portrait,"GIS-RLS, ED Guidance",2023-07-05T00:00:00Z,,7194461.679184657,14252.327119470876
129,30023,Addison,3,Addison 23,3-23,23,725,Landscape,"GIS-RLS, ED Guidance",2023-07-05T00:00:00Z,,8627247.507043803,15198.736030357299
130,30034,Addison,3,Addison 34,3-34,34,956,Portrait,"GIS-RLS, ED Guidance",2023-07-05T00:00:00Z,,7273135.826862681,11270.729788508037
131,30033,Addison,3,Addison 33,3-33,33,956,Landscape,"GIS-RLS, ED Guidance",2023-07-05T00:00:00Z,,7067075.546235865,14274.148263573908
132,30022,Addison,3,Addison 22,3-22,22,725,Landscape,"GIS-RLS, ED Guidance",2023-07-05T00:00:00Z,,7943493.877026158,15853.720628823317
133,30027,Addison,3,Addison 27,3-27,27,725,Portrait,"GIS-RLS, ED Guidance",2023-07-05T00:00:00Z,,7169784.285541963,14041.258320567822
134,30037,Addison,3,Addison 37,3-37,37,8,Portrait,"GIS-RLS, ED Guidance",2023-07-05T00:00:00Z,,14541373.599600457,20233.952422288065
135,30008,Addison,3,Addison 8,3-8,8,727,Portrait,"GIS-RLS, ED Guidance",2023-07-05T00:00:00Z,,6654786.977025648,10359.646254845438
136,30007,Addison,3,Addison 7,3-7,7,538,Portrait,"GIS-RLS, ED Guidance",2023-07-05T00:00:00Z,,6687578.882561113,10403.268282525583
137,30015,Addison,3,Addison 15,3-15,15,362,Portrait,"GIS-RLS, ED Guidance",2023-07-05T00:00:00Z,,9498360.173349386,14923.117294397554
138,30004,Addison,3,Addison 4,3-4,4,538,Portrait,"GIS-RLS, ED Guidance",2023-07-05T00:00:00Z,,70374758.13670704,36152.32048049085
139,30001,Addison,3,Addison 1,3-1,1,158,Portrait,"GIS-RLS, ED Guidance",2023-07-05T00:00:00Z,,25446921.497825652,26787.38390346737
140,30009,Addison,3,Addison 9,3-9,9,106,Portrait,"GIS-RLS, ED Guidance",2023-07-05T00:00:00Z,,9300391.421252267,14648.120614947338
141,30017,Addison,3,Addison 17,3-17,17,106,Portrait,"GIS-RLS, ED Guidance",2023-07-05T00:00:00Z,,10958321.148570389,14509.532219184559
142,30018,Addison,3,Addison 18,3-18,18,716,Portrait,"GIS-RLS, ED Guidance",2023-07-05T00:00:00Z,,6444157.646523602,11083.750565722547
143,30021,Addison,3,Addison 21,3-21,21,213,Landscape,"GIS-RLS, ED Guidance",2023-07-05T00:00:00Z,,8239044.272912499,11691.238598194986
144,30038,Addison,3,Addison 38,3-38,38,359,Landscape,"GIS-RLS, ED Guidance",2023-07-05T00:00:00Z,,16300278.078033043,21411.459601007202
145,30044,Addison,3,Addison 44,3-44,44,722,Landscape,"GIS-RLS, ED Guidance",2023-07-05T00:00:00Z,,12474188.16955503,16939.184554495092
146,30046,Addison,3,Addison 46,3-46,46,773,Landscape,"GIS-RLS, ED Guidance",2023-07-05T00:00:00Z,,13161208.894961199,20110.880575849274
147,30045,Addison,3,Addison 45,3-45,45,489,Landscape,"GIS-RLS, ED Guidance",2023-07-05T00:00:00Z,,26116649.75286682,23240.000689560646
148,30002,Addison,3,Addison 2,3-2,2,158,Portrait,"GIS-RLS, ED Guidance",2023-07-05T00:00:00Z,,29154790.087751776,27205.320399638993
149,30003,Addison,3,Addison 3,3-3,3,158,Portrait,"GIS-RLS, ED Guidance",2023-07-05T00:00:00Z,,13448543.089098271,17825.105713430243
150,30014,Addison,3,Addison 14,3-14,14,362,Portrait,"GIS-RLS, ED Guidance",2023-07-05T00:00:00Z,,19940798.695115983,21473.921122349562
151,30024,Addison,3,Addison 24,3-24,24,514,Portrait,"GIS-RLS, ED Guidance",2023-07-05T00:00:00Z,,16275223.43665341,21856.70251616067
152,30011,Addison,3,Addison 11,3-11,11,917,Portrait,"GIS-RLS, ED Guidance",2023-07-05T00:00:00Z,,21271601.021693178,22472.330086494138
153,30010,Addison,3,Addison 10,3-10,10,917,Landscape,"GIS-RLS, ED Guidance",2023-07-05T00:00:00Z,,29293381.90016408,32576.885511877284
154,30016,Addison,3,Addison 16,3-16,16,362,Portrait,"GIS-RLS, ED Guidance",2023-07-05T00:00:00Z,,9549543.906798422,12550.612842605935
155,30030,Addison,3,Addison 30,3-30,30,359,Landscape,"GIS-RLS, ED Guidance",2023-07-05T00:00:00Z,,32785028.65089911,24089.067791891397
156,30031,Addison,3,Addison 31,3-31,31,778,Landscape,"GIS-RLS, ED Guidance",2023-07-05T00:00:00Z,,30057380.49446116,23114.709177535096
157,30048,Addison,3,Addison 48,3-48,48,722,Landscape,"GIS-RLS, ED Guidance",2023-07-05T00:00:00Z,,15776880.451731803,17625.35645730612
158,30051,Addison,3,Addison 51,3-51,51,102,Portrait,"GIS-RLS, ED Guidance",2023-07-05T00:00:00Z,,6871534.87558288,10621.709376390025
159,30049,Addison,3,Addison 49,3-49,49,489,Portrait,"GIS-RLS, ED Guidance",2023-07-05T00:00:00Z,,7130211.10605143,11723.45076492781
160,30047,Addison,3,Addison 47,3-47,47,939,Portrait,"GIS-RLS, ED Guidance",2023-07-05T00:00:00Z,,33786798.84107226,24045.004038390813
161,30041,Addison,3,Addison 41,3-41,41,956,Portrait,"GIS-RLS, ED Guidance",2023-07-05T00:00:00Z,,66337209.795573495,35855.62203175835
162,50004,Milton,5,Milton 4,5-4,4,370,Landscape,"GIS-RLS, ED Guidance",2023-07-05T00:00:00Z,,9693979.482694998,14516.219528512129
163,80062,Lisle,8,Lisle 62,8-62,62,314,Landscape,"GIS-RLS, ED Guidance",2023-07-05T00:00:00Z,,7361743.134048036,11261.900440564805
164,80075,Lisle,8,Lisle 75,8-75,75,305,Portrait,"GIS-RLS, ED Guidance",2023-07-05T00:00:00Z,,8067821.644210541,12149.085058684084
165,80040,Lisle,8,Lisle 40,8-40,40,920,Landscape,"GIS-RLS, ED Guidance",2023-07-05T00:00:00Z,,29979739.52707553,27551.81596151165
166,80036,Lisle,8,Lisle 36,8-36,36,754,Landscape,"GIS-RLS, ED Guidance",2023-07-05T00:00:00Z,,9784429.361569298,16956.819376022155
167,80041,Lisle,8,Lisle 41,8-41,41,920,Landscape,"GIS-RLS, ED Guidance",2023-07-05T00:00:00Z,,16875150.16737522,28453.3880923064
168,80050,Lisle,8,Lisle 50,8-50,50,751,Landscape,"GIS-RLS, ED Guidance",2023-07-05T00:00:00Z,,22171771.670031086,24309.249428801293
169,80054,Lisle,8,Lisle 54,8-54,54,692,Portrait,"GIS-RLS, ED Guidance",2023-07-05T00:00:00Z,,9440397.822186755,13069.463514306051
170,80060,Lisle,8,Lisle 60,8-60,60,897,Portrait,"GIS-RLS, ED Guidance",2023-07-05T00:00:00Z,,6279575.580259362,12030.808495775369
171,80024,Lisle,8,Lisle 24,8-24,24,905,Landscape,"GIS-RLS, ED Guidance",2023-07-05T00:00:00Z,,8547329.333807588,14509.174186087408
172,80043,Lisle,8,Lisle 43,8-43,43,472,Portrait,"GIS-RLS, ED Guidance",2023-07-05T00:00:00Z,,8090149.973293383,15893.34944555566
173,80029,Lisle,8,Lisle 29,8-29,29,439,Landscape,"GIS-RLS, ED Guidance",2023-07-05T00:00:00Z,,9505270.623529434,12761.956956259495
174,80020,Lisle,8,Lisle 20,8-20,20,91,Landscape,"GIS-RLS, ED Guidance",2023-07-05T00:00:00Z,,10716689.14955726,14240.80300757594
175,80019,Lisle,8,Lisle 19,8-19,19,63,Landscape,"GIS-RLS, ED Guidance",2023-07-05T00:00:00Z,,21598807.205899887,18620.379202111693
176,80030,Lisle,8,Lisle 30,8-30,30,439,Portrait,"GIS-RLS, ED Guidance",2023-07-05T00:00:00Z,,8268009.426401927,15309.329268809573
177,80077,Lisle,8,Lisle 77,8-77,77,818,Landscape,"GIS-RLS, ED Guidance",2023-07-05T00:00:00Z,,10898229.54800561,13549.92593137658
178,80074,Lisle,8,Lisle 74,8-74,74,702,Portrait,"GIS-RLS, ED Guidance",2024-08-21T00:00:00Z,,6219322.042726139,10600.46312263214
179,80073,Lisle,8,Lisle 73,8-73,73,702,Portrait,"GIS-RLS, ED Guidance",2024-08-21T00:00:00Z,,10088072.525365764,16858.7770649387
180,80072,Lisle,8,Lisle 72,8-72,72,314,Portrait,"GIS-RLS, ED Guidance",2023-07-05T00:00:00Z,,7337306.84939963,15055.096890867237
181,80035,Lisle,8,Lisle 35,8-35,35,754,Portrait,"GIS-RLS, ED Guidance",2023-07-05T00:00:00Z,,10771153.482996572,16637.14904002638
182,80025,Lisle,8,Lisle 25,8-25,25,927,Landscape,"GIS-RLS, ED Guidance",2023-07-05T00:00:00Z,,11694803.825534087,19860.683605503706
183,80047,Lisle,8,Lisle 47,8-47,47,136,Landscape,"GIS-RLS, ED Guidance",2023-07-05T00:00:00Z,,8687277.150802365,13442.270487188382
184,80048,Lisle,8,Lisle 48,8-48,48,136,Landscape,"GIS-RLS, ED Guidance",2023-07-05T00:00:00Z,,5649922.479901243,12074.697065131739
185,80028,Lisle,8,Lisle 28,8-28,28,338,Portrait,"GIS-RLS, ED Guidance",2023-07-05T00:00:00Z,,9470636.815373294,13350.94838428543
186,80010,Lisle,8,Lisle 10,8-10,10,927,Portrait,"GIS-RLS, ED Guidance",2023-07-05T00:00:00Z,,14392548.991783533,24864.70752323915
187,80033,Lisle,8,Lisle 33,8-33,33,472,Landscape,"GIS-RLS, ED Guidance",2023-07-05T00:00:00Z,,10502203.794062978,16033.438314449679
188,80005,Lisle,8,Lisle 5,8-5,5,784,Portrait,"GIS-RLS, ED Guidance",2023-07-05T00:00:00Z,,38136106.4454383,35432.79432833045
189,80027,Lisle,8,Lisle 27,8-27,27,387,Portrait,"GIS-RLS, ED Guidance",2023-07-05T00:00:00Z,,9865909.13933107,13915.625159764057
190,80026,Lisle,8,Lisle 26,8-26,26,387,Landscape,"GIS-RLS, ED Guidance",2023-07-05T00:00:00Z,,9175299.798905328,13204.881830180762
191,80021,Lisle,8,Lisle 21,8-21,21,338,Landscape,"GIS-RLS, ED Guidance",2023-07-05T00:00:00Z,,15274689.902681896,17737.32750267907
192,80012,Lisle,8,Lisle 12,8-12,12,91,Landscape,"GIS-RLS, ED Guidance",2023-07-05T00:00:00Z,,11393082.976977276,15745.753717526413
193,80039,Lisle,8,Lisle 39,8-39,39,268,Portrait,"GIS-RLS, ED Guidance",2023-07-05T00:00:00Z,,7786887.66958925,14368.078363741224
194,80037,Lisle,8,Lisle 37,8-37,37,142,Portrait,"GIS-RLS, ED Guidance",2023-07-05T00:00:00Z,,10446124.738013323,17358.991748848675
195,80038,Lisle,8,Lisle 38,8-38,38,142,Portrait,"GIS-RLS, ED Guidance",2023-07-05T00:00:00Z,,7483540.111591358,14087.246908865622
196,80045,Lisle,8,Lisle 45,8-45,45,815,Portrait,"GIS-RLS, ED Guidance",2023-07-05T00:00:00Z,,9031100.122226708,13487.456094076942
197,80009,Lisle,8,Lisle 9,8-9,9,696,Portrait,"GIS-RLS, ED Guidance",2023-07-05T00:00:00Z,,17343330.787385736,20593.73335136008
198,80034,Lisle,8,Lisle 34,8-34,34,927,Landscape,"GIS-RLS, ED Guidance",2023-07-05T00:00:00Z,,11403006.15127229,14674.659856114418
199,80063,Lisle,8,Lisle 63,8-63,63,305,Landscape,"GIS-RLS, ED Guidance",2023-07-05T00:00:00Z,,9582313.54702975,16658.00127775563
200,80057,Lisle,8,Lisle 57,8-57,57,323,Landscape,"GIS-RLS, ED Guidance",2023-07-05T00:00:00Z,,11415480.51087621,16365.7236086024
201,80066,Lisle,8,Lisle 66,8-66,66,478,Landscape,"GIS-RLS, ED Guidance",2023-07-05T00:00:00Z,,68652057.6789459,38175.15821483645
202,80023,Lisle,8,Lisle 23,8-23,23,933,Landscape,"GIS-RLS, ED Guidance",2023-07-05T00:00:00Z,,6506306.432536914,10812.53857568231
203,80031,Lisle,8,Lisle 31,8-31,31,268,Portrait,"GIS-RLS, ED Guidance",2023-07-05T00:00:00Z,,12013649.115381088,16288.775383037328
204,80046,Lisle,8,Lisle 46,8-46,46,261,Portrait,"GIS-RLS, ED Guidance",2023-07-05T00:00:00Z,,7259938.282701183,11319.144987515738
205,80056,Lisle,8,Lisle 56,8-56,56,323,Portrait,"GIS-RLS, ED Guidance",2023-07-05T00:00:00Z,,6379557.79134054,12017.9394756993
206,80002,Lisle,8,Lisle 2,8-2,2,117,Landscape,"GIS-RLS, ED Guidance",2023-07-05T00:00:00Z,,31826719.359845005,26323.011261684806
207,80018,Lisle,8,Lisle 18,8-18,18,905,Landscape,"GIS-RLS, ED Guidance",2023-07-05T00:00:00Z,,15181625.432406947,24619.926698115927
208,80007,Lisle,8,Lisle 7,8-7,7,117,Landscape,"GIS-RLS, ED Guidance",2023-07-05T00:00:00Z,,22432969.01492146,22665.672598644156
209,80016,Lisle,8,Lisle 16,8-16,16,463,Landscape,"GIS-RLS, ED Guidance",2023-07-05T00:00:00Z,,17518567.64263642,21164.883305122785
210,80008,Lisle,8,Lisle 8,8-8,8,619,Portrait,"GIS-RLS, ED Guidance",2023-07-05T00:00:00Z,,12976143.71104105,16715.695813639504
211,80053,Lisle,8,Lisle 53,8-53,53,261,Portrait,"GIS-RLS, ED Guidance",2023-07-05T00:00:00Z,,15846675.471509134,18325.868949008756
212,80003,Lisle,8,Lisle 3,8-3,3,619,Landscape,"GIS-RLS, ED Guidance",2023-07-05T00:00:00Z,,54264195.559657454,37387.72584355968
213,80055,Lisle,8,Lisle 55,8-55,55,314,Portrait,"GIS-RLS, ED Guidance",2023-07-05T00:00:00Z,,10886885.700429626,14360.152047724676
214,80049,Lisle,8,Lisle 49,8-49,49,906,Landscape,"GIS-RLS, ED Guidance",2023-07-05T00:00:00Z,,14178177.449137254,17617.419162963495
215,80022,Lisle,8,Lisle 22,8-22,22,448,Landscape,"GIS-RLS, ED Guidance",2023-07-05T00:00:00Z,,9668682.826366458,16076.862696438486
216,80032,Lisle,8,Lisle 32,8-32,32,933,Landscape,"GIS-RLS, ED Guidance",2023-07-05T00:00:00Z,,13968436.638576904,19508.08783454233
217,80013,Lisle,8,Lisle 13,8-13,13,814,Portrait,"GIS-RLS, ED Guidance",2023-07-05T00:00:00Z,,8444738.421370922,17530.84593416459
218,80061,Lisle,8,Lisle 61,8-61,61,692,Landscape,"GIS-RLS, ED Guidance",2023-07-05T00:00:00Z,,5557675.128134234,9900.884906929334
219,80042,Lisle,8,Lisle 42,8-42,42,920,Portrait,"GIS-RLS, ED Guidance",2023-07-05T00:00:00Z,,5986050.335232801,12419.505163957454
220,80001,Lisle,8,Lisle 1,8-1,1,260,Portrait,"GIS-RLS, ED Guidance",2023-07-05T00:00:00Z,,29573673.29740992,25671.955960067848
221,80064,Lisle,8,Lisle 64,8-64,64,305,Portrait,"GIS-RLS, ED Guidance",2023-07-05T00:00:00Z,,7150476.232910679,15679.799420691439
222,80058,Lisle,8,Lisle 58,8-58,58,394,Portrait,"GIS-RLS, ED Guidance",2023-07-05T00:00:00Z,,6124823.454888644,12103.481043504657
223,80070,Lisle,8,Lisle 70,8-70,70,803,Portrait,"GIS-RLS, ED Guidance",2023-07-05T00:00:00Z,,9273302.540323535,18253.9720727992
224,80069,Lisle,8,Lisle 69,8-69,69,897,Portrait,"GIS-RLS, ED Guidance",2023-07-05T00:00:00Z,,7791287.058844312,13518.680843318472
225,80068,Lisle,8,Lisle 68,8-68,68,897,Landscape,"GIS-RLS, ED Guidance",2023-07-05T00:00:00Z,,8251567.031974651,14729.53184747798
226,80006,Lisle,8,Lisle 6,8-6,6,784,Portrait,"GIS-RLS, ED Guidance",2023-07-05T00:00:00Z,,9175018.914816447,12847.40235776397
227,80014,Lisle,8,Lisle 14,8-14,14,814,Portrait,"GIS-RLS, ED Guidance",2023-07-05T00:00:00Z,,9142593.891233895,12513.042237375386
228,80004,Lisle,8,Lisle 4,8-4,4,260,Portrait,"GIS-RLS, ED Guidance",2023-07-05T00:00:00Z,,7700718.897295251,16005.068414036943
229,80011,Lisle,8,Lisle 11,8-11,11,260,Portrait,"GIS-RLS, ED Guidance",2023-07-05T00:00:00Z,,10525289.630137037,16683.497798305987
230,80076,Lisle,8,Lisle 76,8-76,76,818,Landscape,"GIS-RLS, ED Guidance",2023-07-05T00:00:00Z,,8250038.002510305,12595.348499308362
231,80067,Lisle,8,Lisle 67,8-67,67,818,Portrait,"GIS-RLS, ED Guidance",2023-07-05T00:00:00Z,,6638386.99718118,12125.2096225494
232,80015,Lisle,8,Lisle 15,8-15,15,448,Landscape,"GIS-RLS, ED Guidance",2023-07-05T00:00:00Z,,6752160.03029485,13498.16477916201
233,80071,Lisle,8,Lisle 71,8-71,71,692,Portrait,"GIS-RLS, ED Guidance",2023-07-05T00:00:00Z,,7246177.151820093,12787.637472830076
234,80044,Lisle,8,Lisle 44,8-44,44,472,Landscape,"GIS-RLS, ED Guidance",2023-07-05T00:00:00Z,,9377473.494992299,13349.010638057274
235,80052,Lisle,8,Lisle 52,8-52,52,815,Portrait,"GIS-RLS, ED Guidance",2023-07-05T00:00:00Z,,6588333.446341766,10022.032301427105
236,80065,Lisle,8,Lisle 65,8-65,65,394,Portrait,"GIS-RLS, ED Guidance",2023-07-05T00:00:00Z,,7402940.677665241,14528.534812895738
237,50071,Milton,5,Milton 71,5-71,71,43,Portrait,"GIS-RLS, ED Guidance",2023-07-05T00:00:00Z,,9402552.40217903,14212.81291960882
238,50080,Milton,5,Milton 80,5-80,80,918,Portrait,"GIS-RLS, ED Guidance",2023-07-05T00:00:00Z,,9832514.111322468,14506.134375230828
239,50059,Milton,5,Milton 59,5-59,59,441,Portrait,"GIS-RLS, ED Guidance",2023-07-05T00:00:00Z,,11937113.6340349,18112.07410304623
240,50067,Milton,5,Milton 67,5-67,67,922,Portrait,"GIS-RLS, ED Guidance",2023-07-05T00:00:00Z,,11615515.17557742,14480.598358012214
241,50055,Milton,5,Milton 55,5-55,55,953,Portrait,"GIS-RLS, ED Guidance",2024-08-21T00:00:00Z,,16468148.716566639,16991.075541732895
242,50066,Milton,5,Milton 66,5-66,66,418,Portrait,"GIS-RLS, ED Guidance",2023-07-05T00:00:00Z,,9491466.065948185,12718.768910027662
243,50074,Milton,5,Milton 74,5-74,74,418,Landscape,"GIS-RLS, ED Guidance",2023-07-05T00:00:00Z,,16869350.591634423,17462.04954944475
244,50032,Milton,5,Milton 32,5-32,32,80,Portrait,"GIS-RLS, ED Guidance",2023-07-05T00:00:00Z,,7967174.627317417,14577.868298095029
245,50028,Milton,5,Milton 28,5-28,28,76,Portrait,"GIS-RLS, ED Guidance",2023-07-05T00:00:00Z,,7126555.082009882,11717.080005737325
246,50031,Milton,5,Milton 31,5-31,31,86,Landscape,"GIS-RLS, ED Guidance",2023-07-05T00:00:00Z,,9167372.58934966,18835.38812634818
247,50038,Milton,5,Milton 38,5-38,38,118,Landscape,"GIS-RLS, ED Guidance",2023-07-05T00:00:00Z,,8329165.782712185,15011.475969298388
248,50043,Milton,5,Milton 43,5-43,43,180,Landscape,"GIS-RLS, ED Guidance",2023-07-05T00:00:00Z,,8848837.491599692,11999.126804721684
249,50039,Milton,5,Milton 39,5-39,39,118,Landscape,"GIS-RLS, ED Guidance",2023-07-05T00:00:00Z,,8358724.215865705,14070.32917810274
250,50042,Milton,5,Milton 42,5-42,42,925,Landscape,"GIS-RLS, ED Guidance",2023-07-05T00:00:00Z,,6968012.298013612,11163.255600697003
251,50054,Milton,5,Milton 54,5-54,54,922,Portrait,"GIS-RLS, ED Guidance",2023-07-05T00:00:00Z,,10553467.901016876,13903.558258183886
252,50053,Milton,5,Milton 53,5-53,53,486,Portrait,"GIS-RLS, ED Guidance",2023-07-05T00:00:00Z,,20342656.123404283,22936.80732407234
253,50051,Milton,5,Milton 51,5-51,51,521,Portrait,"GIS-RLS, ED Guidance",2023-07-05T00:00:00Z,,4969005.737277166,11620.75061167415
254,50020,Milton,5,Milton 20,5-20,20,706,Portrait,"GIS-RLS, ED Guidance",2023-07-05T00:00:00Z,,6610017.405623269,13621.097416284447
255,50018,Milton,5,Milton 18,5-18,18,212,Landscape,"GIS-RLS, ED Guidance",2023-07-05T00:00:00Z,,8691876.232690107,14659.540151649466
256,50017,Milton,5,Milton 17,5-17,17,851,Portrait,"GIS-RLS, ED Guidance",2023-07-05T00:00:00Z,,7424510.333748664,11103.877488774477
257,50015,Milton,5,Milton 15,5-15,15,161,Portrait,"GIS-RLS, ED Guidance",2023-07-05T00:00:00Z,,18655517.63078058,21466.30427483382
258,50013,Milton,5,Milton 13,5-13,13,149,Portrait,"GIS-RLS, ED Guidance",2023-07-05T00:00:00Z,,8062436.101664453,14650.67391247093
259,50019,Milton,5,Milton 19,5-19,19,212,Landscape,"GIS-RLS, ED Guidance",2023-07-05T00:00:00Z,,6174806.990286674,12281.43681061535
260,50014,Milton,5,Milton 14,5-14,14,161,Portrait,"GIS-RLS, ED Guidance",2023-07-05T00:00:00Z,,13303974.693647217,18826.333628394696
261,50029,Milton,5,Milton 29,5-29,29,212,Landscape,"GIS-RLS, ED Guidance",2023-07-05T00:00:00Z,,7111461.135638276,12596.454252589081
262,50034,Milton,5,Milton 34,5-34,34,152,Portrait,"GIS-RLS, ED Guidance",2023-07-05T00:00:00Z,,8486211.01201101,13938.770663201845
263,50023,Milton,5,Milton 23,5-23,23,149,Landscape,"GIS-RLS, ED Guidance",2023-07-05T00:00:00Z,,7181939.475183283,12182.515948262819
264,50025,Milton,5,Milton 25,5-25,25,712,Portrait,"GIS-RLS, ED Guidance",2023-07-05T00:00:00Z,,6774716.614172556,13418.548624565477
265,50036,Milton,5,Milton 36,5-36,36,180,Landscape,"GIS-RLS, ED Guidance",2023-07-05T00:00:00Z,,7766636.464858292,13646.13440586124
266,50033,Milton,5,Milton 33,5-33,33,80,Landscape,"GIS-RLS, ED Guidance",2023-07-05T00:00:00Z,,7742673.844063138,16137.135855479994
267,50057,Milton,5,Milton 57,5-57,57,100,Landscape,"GIS-RLS, ED Guidance",2023-07-05T00:00:00Z,,7140370.551315657,14010.556173161014
268,50016,Milton,5,Milton 16,5-16,16,851,Landscape,"GIS-RLS, ED Guidance",2023-07-05T00:00:00Z,,10987412.928021777,13620.418289522122
269,50063,Milton,5,Milton 63,5-63,63,372,Portrait,"GIS-RLS, ED Guidance",2023-07-05T00:00:00Z,,5638854.105827152,10656.192414932928
270,50022,Milton,5,Milton 22,5-22,22,149,Portrait,"GIS-RLS, ED Guidance",2023-07-05T00:00:00Z,,5162919.05161094,9266.237795541503
271,50062,Milton,5,Milton 62,5-62,62,486,Portrait,"GIS-RLS, ED Guidance",2023-07-05T00:00:00Z,,5705361.987409749,10271.442277162538
272,50079,Milton,5,Milton 79,5-79,79,190,Portrait,"GIS-RLS, ED Guidance",2023-07-05T00:00:00Z,,18667053.233451407,20692.425993815054
273,50021,Milton,5,Milton 21,5-21,21,706,Landscape,"GIS-RLS, ED Guidance",2023-07-05T00:00:00Z,,15610978.288557554,21444.81386133399
274,50075,Milton,5,Milton 75,5-75,75,953,Portrait,"GIS-RLS, ED Guidance",2024-08-21T00:00:00Z,,12381998.053214716,14916.815770746678
275,50076,Milton,5,Milton 76,5-76,76,834,Portrait,"GIS-RLS, ED Guidance",2023-07-05T00:00:00Z,,13079968.644656908,16707.298787441276
276,50078,Milton,5,Milton 78,5-78,78,117,Landscape,"GIS-RLS, ED Guidance",2023-07-05T00:00:00Z,,31510713.188107334,23265.08866260897
277,50072,Milton,5,Milton 72,5-72,72,372,Landscape,"GIS-RLS, ED Guidance",2023-07-05T00:00:00Z,,11310297.673831679,15992.508738014736
278,50041,Milton,5,Milton 41,5-41,41,925,Portrait,"GIS-RLS, ED Guidance",2023-07-05T00:00:00Z,,6474917.136014101,11012.482997304298
279,50040,Milton,5,Milton 40,5-40,40,445,Landscape,"GIS-RLS, ED Guidance",2023-07-05T00:00:00Z,,6390359.018079684,12451.651036722862
280,50047,Milton,5,Milton 47,5-47,47,100,Landscape,"GIS-RLS, ED Guidance",2023-07-05T00:00:00Z,,16648643.387621528,24720.268163151286
281,50058,Milton,5,Milton 58,5-58,58,100,Landscape,"GIS-RLS, ED Guidance",2023-07-05T00:00:00Z,,9259492.289046533,16901.38582418802
282,50037,Milton,5,Milton 37,5-37,37,118,Landscape,"GIS-RLS, ED Guidance",2023-07-05T00:00:00Z,,14163367.133130748,17998.03603978501
283,50050,Milton,5,Milton 50,5-50,50,521,Landscape,"GIS-RLS, ED Guidance",2023-07-05T00:00:00Z,,7407810.311390353,11103.112558444349
284,50064,Milton,5,Milton 64,5-64,64,372,Portrait,"GIS-RLS, ED Guidance",2023-07-05T00:00:00Z,,7600360.023704674,11814.950995280376
285,50008,Milton,5,Milton 8,5-8,8,370,Portrait,"GIS-RLS, ED Guidance",2023-07-05T00:00:00Z,,8918157.236662367,18569.715287992178
286,50009,Milton,5,Milton 9,5-9,9,809,Landscape,"GIS-RLS, ED Guidance",2023-07-05T00:00:00Z,,17981134.119222887,21668.40212594541
287,50006,Milton,5,Milton 6,5-6,6,809,Landscape,"GIS-RLS, ED Guidance",2023-07-05T00:00:00Z,,14033410.287014455,18570.036701013087
288,50035,Milton,5,Milton 35,5-35,35,420,Landscape,"GIS-RLS, ED Guidance",2023-07-05T00:00:00Z,,19143167.65900453,22373.88365751444
289,50045,Milton,5,Milton 45,5-45,45,420,Portrait,"GIS-RLS, ED Guidance",2023-07-05T00:00:00Z,,16843183.920307387,19044.57335594603
290,50046,Milton,5,Milton 46,5-46,46,420,Portrait,"GIS-RLS, ED Guidance",2023-07-05T00:00:00Z,,8245404.279376197,13781.741067133335
291,50056,Milton,5,Milton 56,5-56,56,834,Portrait,"GIS-RLS, ED Guidance",2023-07-05T00:00:00Z,,12458538.991904408,17270.242551940115
292,50068,Milton,5,Milton 68,5-68,68,239,Portrait,"GIS-RLS, ED Guidance",2023-07-05T00:00:00Z,,13931802.285062661,20987.81138300918
293,50027,Milton,5,Milton 27,5-27,27,76,Portrait,"GIS-RLS, ED Guidance",2023-07-05T00:00:00Z,,4643689.77005437,10420.979945269883
294,50026,Milton,5,Milton 26,5-26,26,76,Portrait,"GIS-RLS, ED Guidance",2023-07-05T00:00:00Z,,8025174.8165774755,11539.140522336862
295,50024,Milton,5,Milton 24,5-24,24,161,Landscape,"GIS-RLS, ED Guidance",2023-07-05T00:00:00Z,,10666354.249720097,16156.185311856956
296,50001,Milton,5,Milton 1,5-1,1,383,Portrait,"GIS-RLS, ED Guidance",2023-07-05T00:00:00Z,,12915885.156532003,16432.51875980792
297,50002,Milton,5,Milton 2,5-2,2,715,Portrait,"GIS-RLS, ED Guidance",2023-07-05T00:00:00Z,,20257987.795393378,21766.67714143624
298,50003,Milton,5,Milton 3,5-3,3,715,Landscape,"GIS-RLS, ED Guidance",2023-07-05T00:00:00Z,,17866278.82971719,21362.152721858663
299,50005,Milton,5,Milton 5,5-5,5,370,Landscape,"GIS-RLS, ED Guidance",2023-07-05T00:00:00Z,,6136111.66084948,10303.423201904083
300,50010,Milton,5,Milton 10,5-10,10,375,Portrait,"GIS-RLS, ED Guidance",2023-07-05T00:00:00Z,,29598543.80920515,25552.451614882742
301,50011,Milton,5,Milton 11,5-11,11,375,Portrait,"GIS-RLS, ED Guidance",2023-07-05T00:00:00Z,,9246166.49167686,17600.457878991492
302,50073,Milton,5,Milton 73,5-73,73,190,Landscape,"GIS-RLS, ED Guidance",2023-07-05T00:00:00Z,,7360574.247530854,12777.919072631998
303,50081,Milton,5,Milton 81,5-81,81,918,Landscape,"GIS-RLS, ED Guidance",2023-07-05T00:00:00Z,,53443921.219481334,32773.78562421875
304,50049,Milton,5,Milton 49,5-49,49,445,Landscape,"GIS-RLS, ED Guidance",2023-07-05T00:00:00Z,,4358291.848683942,9375.602660912526
305,50070,Milton,5,Milton 70,5-70,70,239,Portrait,"GIS-RLS, ED Guidance",2023-07-05T00:00:00Z,,9320028.085950857,15299.389966456813
306,50012,Milton,5,Milton 12,5-12,12,383,Portrait,"GIS-RLS, ED Guidance",2023-07-05T00:00:00Z,,11516554.820189876,18455.59781021544
307,50030,Milton,5,Milton 30,5-30,30,86,Landscape,"GIS-RLS, ED Guidance",2023-07-05T00:00:00Z,,8783045.988781385,13239.897145070478
308,50060,Milton,5,Milton 60,5-60,60,43,Landscape,"GIS-RLS, ED Guidance",2023-07-05T00:00:00Z,,23507786.5872337,20010.844414198244
309,50044,Milton,5,Milton 44,5-44,44,152,Landscape,"GIS-RLS, ED Guidance",2023-07-05T00:00:00Z,,8720508.768669333,12504.246535381677
310,50052,Milton,5,Milton 52,5-52,52,486,Portrait,"GIS-RLS, ED Guidance",2023-07-05T00:00:00Z,,4785878.45254601,9987.053088210596
311,50065,Milton,5,Milton 65,5-65,65,190,Landscape,"GIS-RLS, ED Guidance",2023-07-05T00:00:00Z,,12797570.036748184,16664.06915060108
312,60077,York,6,York 77,6-77,77,57,Landscape,"GIS-RLS, ED Guidance",2023-07-05T00:00:00Z,,34564401.65152058,26608.946088095607
313,60086,York,6,York 86,6-86,86,734,Portrait,"GIS-RLS, ED Guidance",2023-07-05T00:00:00Z,,15570990.47919352,16957.420931544286
314,60062,York,6,York 62,6-62,62,363,Portrait,"GIS-RLS, ED Guidance",2023-07-05T00:00:00Z,,3566754.5411933153,9189.974344926211
315,60069,York,6,York 69,6-69,69,923,Portrait,"GIS-RLS, ED Guidance",2023-07-05T00:00:00Z,,8498257.558646174,14453.015443216116
316,60063,York,6,York 63,6-63,63,363,Landscape,"GIS-RLS, ED Guidance",2023-07-05T00:00:00Z,,2453286.759433632,6203.845146285696
317,60037,York,6,York 37,6-37,37,810,Portrait,"GIS-RLS, ED Guidance",2023-07-05T00:00:00Z,,7711151.726250604,11340.728639342522
318,60036,York,6,York 36,6-36,36,810,Portrait,"GIS-RLS, ED Guidance",2023-07-05T00:00:00Z,,7164342.2357631605,13392.310211119759
319,60051,York,6,York 51,6-51,51,549,Portrait,"GIS-RLS, ED Guidance",2023-07-05T00:00:00Z,,5800935.78475,10541.805261093434
320,60033,York,6,York 33,6-33,33,238,Landscape,"GIS-RLS, ED Guidance",2023-07-05T00:00:00Z,,6980232.676690026,10670.136239189642
321,60058,York,6,York 58,6-58,58,74,Portrait,"GIS-RLS, ED Guidance",2023-07-05T00:00:00Z,,9317622.455004437,18261.154444338783
322,60050,York,6,York 50,6-50,50,74,Portrait,"GIS-RLS, ED Guidance",2023-07-05T00:00:00Z,,6979942.1413869485,11911.246991824224
323,60056,York,6,York 56,6-56,56,280,Portrait,"GIS-RLS, ED Guidance",2024-08-21T00:00:00Z,,10844019.629062328,18974.11594091619
324,60048,York,6,York 48,6-48,48,258,Landscape,"GIS-RLS, ED Guidance",2023-07-05T00:00:00Z,,11839997.954230083,17955.88634034292
325,60053,York,6,York 53,6-53,53,453,Landscape,"GIS-RLS, ED Guidance",2023-07-05T00:00:00Z,,13662203.163071364,16438.78654663785
326,60017,York,6,York 17,6-17,17,937,Portrait,"GIS-RLS, ED Guidance",2023-07-05T00:00:00Z,,10937168.399664834,17906.184644048477
327,60018,York,6,York 18,6-18,18,924,Portrait,"GIS-RLS, ED Guidance",2023-07-05T00:00:00Z,,12911085.751148958,17437.916526602065
328,60025,York,6,York 25,6-25,25,810,Landscape,"GIS-RLS, ED Guidance",2023-07-05T00:00:00Z,,9069322.129269479,14554.567303368878
329,60038,York,6,York 38,6-38,38,484,Landscape,"GIS-RLS, ED Guidance",2023-07-05T00:00:00Z,,8761648.542746788,14107.415833639208
330,60040,York,6,York 40,6-40,40,140,Portrait,"GIS-RLS, ED Guidance",2023-07-05T00:00:00Z,,7752476.34430598,11322.48178347525
331,60042,York,6,York 42,6-42,42,140,Portrait,"GIS-RLS, ED Guidance",2023-07-05T00:00:00Z,,6095664.263139727,12164.302096954529
332,60003,York,6,York 3,6-3,3,297,Portrait,"GIS-RLS, ED Guidance",2023-07-05T00:00:00Z,,6266524.194819693,10029.706054386681
333,60019,York,6,York 19,6-19,19,924,Portrait,"GIS-RLS, ED Guidance",2023-07-05T00:00:00Z,,7949664.118677253,12200.961154454244
334,60010,York,6,York 10,6-10,10,129,Portrait,"GIS-RLS, ED Guidance",2023-07-05T00:00:00Z,,4959531.261029146,9020.147189344098
335,60011,York,6,York 11,6-11,11,129,Portrait,"GIS-RLS, ED Guidance",2023-07-05T00:00:00Z,,6338104.376689299,10778.501469970954
336,60082,York,6,York 82,6-82,82,356,Landscape,"GIS-RLS, ED Guidance",2023-07-05T00:00:00Z,,11857888.191186974,19598.513152789954
337,60030,York,6,York 30,6-30,30,397,Portrait,"GIS-RLS, ED Guidance",2023-07-05T00:00:00Z,,6241277.825026533,10025.36917239488
338,60043,York,6,York 43,6-43,43,487,Landscape,"GIS-RLS, ED Guidance",2023-07-05T00:00:00Z,,7097635.384963297,14195.60600794579
339,60052,York,6,York 52,6-52,52,549,Portrait,"GIS-RLS, ED Guidance",2023-07-05T00:00:00Z,,6525117.324603985,12433.31056465074
340,60059,York,6,York 59,6-59,59,549,Portrait,"GIS-RLS, ED Guidance",2023-07-05T00:00:00Z,,11641320.11125136,13874.396232027086
341,60002,York,6,York 2,6-2,2,297,Portrait,"GIS-RLS, ED Guidance",2023-07-05T00:00:00Z,,8809682.05214826,12040.927485598393
342,60004,York,6,York 4,6-4,4,23,Portrait,"GIS-RLS, ED Guidance",2023-07-05T00:00:00Z,,9130176.863900367,12598.518884963998
343,60013,York,6,York 13,6-13,13,89,Landscape,"GIS-RLS, ED Guidance",2023-07-05T00:00:00Z,,9285134.26174175,15487.121368040098
344,60022,York,6,York 22,6-22,22,295,Portrait,"GIS-RLS, ED Guidance",2023-07-05T00:00:00Z,,6093487.180738146,9886.19848098464
345,60021,York,6,York 21,6-21,21,295,Portrait,"GIS-RLS, ED Guidance",2023-07-05T00:00:00Z,,6492786.041161744,13617.307680610531
346,60024,York,6,York 24,6-24,24,89,Landscape,"GIS-RLS, ED Guidance",2023-07-05T00:00:00Z,,11015020.724945711,13395.738669701723
347,60044,York,6,York 44,6-44,44,453,Landscape,"GIS-RLS, ED Guidance",2023-07-05T00:00:00Z,,8726498.666047337,13547.180416896528
348,60034,York,6,York 34,6-34,34,238,Landscape,"GIS-RLS, ED Guidance",2023-07-05T00:00:00Z,,7083211.120319786,10659.9878445695
349,60045,York,6,York 45,6-45,45,936,Landscape,"GIS-RLS, ED Guidance",2023-07-05T00:00:00Z,,12370650.170439392,16204.987159375347
350,60054,York,6,York 54,6-54,54,936,Landscape,"GIS-RLS, ED Guidance",2023-07-05T00:00:00Z,,10679901.95294255,13397.644981376938
351,60075,York,6,York 75,6-75,75,919,Portrait,"GIS-RLS, ED Guidance",2023-07-05T00:00:00Z,,8867756.6336373,12136.41358626681
352,60079,York,6,York 79,6-79,79,356,Landscape,"GIS-RLS, ED Guidance",2023-07-05T00:00:00Z,,22647632.672030583,27173.240433367504
353,60081,York,6,York 81,6-81,81,367,Landscape,"GIS-RLS, ED Guidance",2023-07-05T00:00:00Z,,17769144.616119046,20744.261002069463
354,60055,York,6,York 55,6-55,55,473,Landscape,"GIS-RLS, ED Guidance",2023-07-05T00:00:00Z,,18718557.336306456,21275.817805574654
355,60071,York,6,York 71,6-71,71,923,Landscape,"GIS-RLS, ED Guidance",2023-07-05T00:00:00Z,,30262730.171049774,23316.095516395173
356,60057,York,6,York 57,6-57,57,280,Portrait,"GIS-RLS, ED Guidance",2024-08-21T00:00:00Z,,6056759.845653366,10685.530316459197
357,60041,York,6,York 41,6-41,41,140,Landscape,"GIS-RLS, ED Guidance",2023-07-05T00:00:00Z,,6831048.321956603,13059.959051204394
358,60008,York,6,York 8,6-8,8,127,Portrait,"GIS-RLS, ED Guidance",2023-07-05T00:00:00Z,,11894244.920166798,14038.401211111277
359,60006,York,6,York 6,6-6,6,23,Portrait,"GIS-RLS, ED Guidance",2023-07-05T00:00:00Z,,7454345.68889814,13548.307044106363
360,60016,York,6,York 16,6-16,16,127,Landscape,"GIS-RLS, ED Guidance",2023-07-05T00:00:00Z,,8418230.817894032,13267.889732441825
361,60001,York,6,York 1,6-1,1,297,Landscape,"GIS-RLS, ED Guidance",2023-07-05T00:00:00Z,,11391523.213610638,19049.59641951095
362,60064,York,6,York 64,6-64,64,279,Portrait,"GIS-RLS, ED Guidance",2023-07-05T00:00:00Z,,12707523.543924667,20731.73725908651
363,60065,York,6,York 65,6-65,65,745,Landscape,"GIS-RLS, ED Guidance",2023-07-05T00:00:00Z,,7258763.873131821,10915.532352652206
364,60074,York,6,York 74,6-74,74,919,Portrait,"GIS-RLS, ED Guidance",2023-07-05T00:00:00Z,,10729404.086623805,18674.889485565647
365,60068,York,6,York 68,6-68,68,547,Portrait,"GIS-RLS, ED Guidance",2023-07-05T00:00:00Z,,16154827.301865969,18936.04947454836
366,60067,York,6,York 67,6-67,67,547,Portrait,"GIS-RLS, ED Guidance",2023-07-05T00:00:00Z,,20033785.28513843,21707.118625261228
367,60026,York,6,York 26,6-26,26,484,Portrait,"GIS-RLS, ED Guidance",2023-07-05T00:00:00Z,,7861133.234224569,14430.29665207552
368,60070,York,6,York 70,6-70,70,923,Landscape,"GIS-RLS, ED Guidance",2023-07-05T00:00:00Z,,33285563.98332306,43553.683736049505
369,60078,York,6,York 78,6-78,78,57,Portrait,"GIS-RLS, ED Guidance",2023-07-05T00:00:00Z,,9712209.414163178,15691.94056561118
370,60084,York,6,York 84,6-84,84,321,Landscape,"GIS-RLS, ED Guidance",2023-07-05T00:00:00Z,,20276031.669575553,22289.689817492643
371,60005,York,6,York 5,6-5,5,23,Portrait,"GIS-RLS, ED Guidance",2023-07-05T00:00:00Z,,3760559.171891584,11526.935417105135
372,60023,York,6,York 23,6-23,23,89,Landscape,"GIS-RLS, ED Guidance",2023-07-05T00:00:00Z,,7499614.754252022,13168.279270364681
373,60066,York,6,York 66,6-66,66,919,Landscape,"GIS-RLS, ED Guidance",2023-07-05T00:00:00Z,,11676967.455268344,15608.875114763861
374,60073,York,6,York 73,6-73,73,30,Landscape,"GIS-RLS, ED Guidance",2023-07-05T00:00:00Z,,17030546.422640644,17848.3465826354
375,60080,York,6,York 80,6-80,80,367,Portrait,"GIS-RLS, ED Guidance",2023-07-05T00:00:00Z,,29340770.38508115,23008.657440044335
376,60083,York,6,York 83,6-83,83,934,Landscape,"GIS-RLS, ED Guidance",2023-07-05T00:00:00Z,,4381683.91027051,12094.550986613787
377,60009,York,6,York 9,6-9,9,937,Portrait,"GIS-RLS, ED Guidance",2023-07-05T00:00:00Z,,8225691.626512829,11606.69877313532
378,60028,York,6,York 28,6-28,28,487,Landscape,"GIS-RLS, ED Guidance",2023-07-05T00:00:00Z,,4607766.460031134,8681.571953859493
379,60046,York,6,York 46,6-46,46,473,Landscape,"GIS-RLS, ED Guidance",2023-07-05T00:00:00Z,,5885868.893229328,12163.24110593839
380,60027,York,6,York 27,6-27,27,937,Landscape,"GIS-RLS, ED Guidance",2023-07-05T00:00:00Z,,5645475.690356154,11565.469038840542
381,60029,York,6,York 29,6-29,29,487,Portrait,"GIS-RLS, ED Guidance",2023-07-05T00:00:00Z,,7338098.45781931,11350.1214027755
382,60060,York,6,York 60,6-60,60,745,Landscape,"GIS-RLS, ED Guidance",2023-07-05T00:00:00Z,,7095616.79204778,10622.54415381163
383,60012,York,6,York 12,6-12,12,129,Portrait,"GIS-RLS, ED Guidance",2023-07-05T00:00:00Z,,8805847.10982388,12238.45733708105
384,60020,York,6,York 20,6-20,20,397,Portrait,"GIS-RLS, ED Guidance",2023-07-05T00:00:00Z,,8812209.477220198,14294.699873133955
385,60085,York,6,York 85,6-85,85,57,Portrait,"GIS-RLS, ED Guidance",2023-07-05T00:00:00Z,,81365661.03098366,42246.177705970265
386,60072,York,6,York 72,6-72,72,734,Portrait,"GIS-RLS, ED Guidance",2023-07-05T00:00:00Z,,27891690.192333914,26615.66155039161
387,60049,York,6,York 49,6-49,49,74,Portrait,"GIS-RLS, ED Guidance",2023-07-05T00:00:00Z,,7604211.057686281,15817.245641381212
388,60076,York,6,York 76,6-76,76,356,Portrait,"GIS-RLS, ED Guidance",2023-07-05T00:00:00Z,,22201262.45474177,20703.992471529975
389,60047,York,6,York 47,6-47,47,258,Landscape,"GIS-RLS, ED Guidance",2023-07-05T00:00:00Z,,9241041.118931537,14082.87746896265
390,60039,York,6,York 39,6-39,39,484,Landscape,"GIS-RLS, ED Guidance",2023-07-05T00:00:00Z,,6287178.2517973045,12082.195613842128
391,60014,York,6,York 14,6-14,14,254,Landscape,"GIS-RLS, ED Guidance",2023-07-05T00:00:00Z,,6975266.299508737,11370.36137993073
392,60015,York,6,York 15,6-15,15,254,Landscape,"GIS-RLS, ED Guidance",2023-07-05T00:00:00Z,,6259660.974723545,10770.218177922501
393,60007,York,6,York 7,6-7,7,254,Portrait,"GIS-RLS, ED Guidance",2023-07-05T00:00:00Z,,9195146.701617796,12303.305011068667
394,60031,York,6,York 31,6-31,31,220,Portrait,"GIS-RLS, ED Guidance",2023-07-05T00:00:00Z,,8886165.744965572,12363.459357340764
395,60035,York,6,York 35,6-35,35,238,Portrait,"GIS-RLS, ED Guidance",2023-07-05T00:00:00Z,,6717573.86132018,13446.620571272948
396,60061,York,6,York 61,6-61,61,936,Portrait,"GIS-RLS, ED Guidance",2023-07-05T00:00:00Z,,17197066.00122477,20161.882743904458
397,70034,Naperville,7,Naperville 34,7-34,34,681,Portrait,"GIS-RLS, ED Guidance",2023-07-05T00:00:00Z,,9289983.324408794,13071.078137669607
398,70036,Naperville,7,Naperville 36,7-36,36,748,Portrait,"GIS-RLS, ED Guidance",2023-07-05T00:00:00Z,,7198470.756366348,13310.325182093802
399,70038,Naperville,7,Naperville 38,7-38,38,139,Portrait,"GIS-RLS, ED Guidance",2024-08-21T00:00:00Z,,9603236.07784903,12658.561629856857
400,70015,Naperville,7,Naperville 15,7-15,15,101,Portrait,"GIS-RLS, ED Guidance",2023-07-05T00:00:00Z,,10386674.265434545,14118.757107232756
401,70016,Naperville,7,Naperville 16,7-16,16,613,Portrait,"GIS-RLS, ED Guidance",2023-07-05T00:00:00Z,,8162307.662298446,11797.139339403817
402,70025,Naperville,7,Naperville 25,7-25,25,336,Portrait,"GIS-RLS, ED Guidance",2023-07-05T00:00:00Z,,14114500.007807588,19592.577344056423
403,70006,Naperville,7,Naperville 6,7-6,6,850,Portrait,"GIS-RLS, ED Guidance",2023-07-05T00:00:00Z,,44299383.70916747,39138.94224578011
404,70027,Naperville,7,Naperville 27,7-27,27,679,Portrait,"GIS-RLS, ED Guidance",2023-07-05T00:00:00Z,,13286190.948384637,18597.260466444306
405,70048,Naperville,7,Naperville 48,7-48,48,693,Portrait,"GIS-RLS, ED Guidance",2023-07-05T00:00:00Z,,9613533.725661658,14907.121626768918
406,70057,Naperville,7,Naperville 57,7-57,57,199,Portrait,"GIS-RLS, ED Guidance",2023-07-05T00:00:00Z,,22944538.58630159,25104.97203166235
407,70053,Naperville,7,Naperville 53,7-53,53,378,Landscape,"GIS-RLS, ED Guidance",2023-07-05T00:00:00Z,,6524870.619583071,14606.218730999615
408,70052,Naperville,7,Naperville 52,7-52,52,378,Landscape,"GIS-RLS, ED Guidance",2023-07-05T00:00:00Z,,8620788.98358653,14684.623728184797
409,70047,Naperville,7,Naperville 47,7-47,47,139,Landscape,"GIS-RLS, ED Guidance",2024-08-21T00:00:00Z,,14509391.809856253,21318.287232518105
410,70035,Naperville,7,Naperville 35,7-35,35,395,Landscape,"GIS-RLS, ED Guidance",2023-07-05T00:00:00Z,,8634169.249362608,15677.242317493428
411,70005,Naperville,7,Naperville 5,7-5,5,674,Landscape,"GIS-RLS, ED Guidance",2023-07-05T00:00:00Z,,30553482.247688588,30658.45066437073
412,70046,Naperville,7,Naperville 46,7-46,46,136,Portrait,"GIS-RLS, ED Guidance",2023-07-05T00:00:00Z,,11207299.014607117,14896.577912523617
413,70056,Naperville,7,Naperville 56,7-56,56,694,Landscape,"GIS-RLS, ED Guidance",2023-07-05T00:00:00Z,,80093454.42901139,37034.34904279908
414,70042,Naperville,7,Naperville 42,7-42,42,318,Portrait,"GIS-RLS, ED Guidance",2023-07-05T00:00:00Z,,8015294.847243294,13924.127987627757
415,70009,Naperville,7,Naperville 9,7-9,9,300,Portrait,"GIS-RLS, ED Guidance",2023-07-05T00:00:00Z,,7817985.794458189,14863.601564165945
416,70018,Naperville,7,Naperville 18,7-18,18,755,Landscape,"GIS-RLS, ED Guidance",2023-07-05T00:00:00Z,,12925750.209446369,17916.053524191608
417,70011,Naperville,7,Naperville 11,7-11,11,400,Portrait,"GIS-RLS, ED Guidance",2024-08-21T00:00:00Z,,7650377.106909248,12816.04480291206
418,70028,Naperville,7,Naperville 28,7-28,28,930,Portrait,"GIS-RLS, ED Guidance",2023-07-05T00:00:00Z,,53227968.60029567,33937.011985651756
419,70023,Naperville,7,Naperville 23,7-23,23,755,Portrait,"GIS-RLS, ED Guidance",2023-07-05T00:00:00Z,,9855120.116916776,14110.625570271952
420,70041,Naperville,7,Naperville 41,7-41,41,318,Portrait,"GIS-RLS, ED Guidance",2023-07-05T00:00:00Z,,14067769.480374895,25242.280104734862
421,70040,Naperville,7,Naperville 40,7-40,40,930,Portrait,"GIS-RLS, ED Guidance",2023-07-05T00:00:00Z,,27562480.082885474,30949.97175572704
422,70003,Naperville,7,Naperville 3,7-3,3,400,Portrait,"GIS-RLS, ED Guidance",2024-08-21T00:00:00Z,,33699816.71327632,29760.552325263143
423,70017,Naperville,7,Naperville 17,7-17,17,543,Landscape,"GIS-RLS, ED Guidance",2023-07-05T00:00:00Z,,11613393.986912677,21051.960308251928
424,70001,Naperville,7,Naperville 1,7-1,1,786,Landscape,"GIS-RLS, ED Guidance",2023-07-05T00:00:00Z,,28504134.843634102,23056.615476140876
425,70020,Naperville,7,Naperville 20,7-20,20,674,Portrait,"GIS-RLS, ED Guidance",2023-07-05T00:00:00Z,,14376698.113582633,21438.791350591517
426,70007,Naperville,7,Naperville 7,7-7,7,850,Portrait,"GIS-RLS, ED Guidance",2023-07-05T00:00:00Z,,19382011.54089971,22301.28289371745
427,70024,Naperville,7,Naperville 24,7-24,24,336,Portrait,"GIS-RLS, ED Guidance",2023-07-05T00:00:00Z,,11264275.226565931,15534.966961146392
428,70014,Naperville,7,Naperville 14,7-14,14,101,Portrait,"GIS-RLS, ED Guidance",2023-07-05T00:00:00Z,,15387628.761141974,17807.423531955836
429,70039,Naperville,7,Naperville 39,7-39,39,679,Portrait,"GIS-RLS, ED Guidance",2023-07-05T00:00:00Z,,7371235.57386086,12243.93191261965
430,70008,Naperville,7,Naperville 8,7-8,8,300,Portrait,"GIS-RLS, ED Guidance",2023-07-05T00:00:00Z,,8034212.555323068,16627.857739752922
431,70013,Naperville,7,Naperville 13,7-13,13,400,Landscape,"GIS-RLS, ED Guidance",2023-07-05T00:00:00Z,,10127412.576804442,18396.715002430676
432,70019,Naperville,7,Naperville 19,7-19,19,674,Portrait,"GIS-RLS, ED Guidance",2023-07-05T00:00:00Z,,13421605.434795624,16564.188126821213
433,70010,Naperville,7,Naperville 10,7-10,10,543,Portrait,"GIS-RLS, ED Guidance",2023-07-05T00:00:00Z,,13114977.82558881,21064.58525994381
434,70002,Naperville,7,Naperville 2,7-2,2,300,Portrait,"GIS-RLS, ED Guidance",2023-07-05T00:00:00Z,,30996671.300389174,29016.98451251592
435,70012,Naperville,7,Naperville 12,7-12,12,101,Landscape,"GIS-RLS, ED Guidance",2023-07-05T00:00:00Z,,14690450.968630532,21872.25951963263
436,70004,Naperville,7,Naperville 4,7-4,4,613,Landscape,"GIS-RLS, ED Guidance",2023-07-05T00:00:00Z,,56423698.911676474,36117.42833122145
437,70058,Naperville,7,Naperville 58,7-58,58,199,Portrait,"GIS-RLS, ED Guidance",2023-07-05T00:00:00Z,,19164639.719933294,22286.18724066096
438,70043,Naperville,7,Naperville 43,7-43,43,681,Portrait,"GIS-RLS, ED Guidance",2023-07-05T00:00:00Z,,8711613.048870418,13390.182388795856
439,70044,Naperville,7,Naperville 44,7-44,44,681,Portrait,"GIS-RLS, ED Guidance",2023-07-05T00:00:00Z,,8327884.468798865,13434.500944477417
440,70029,Naperville,7,Naperville 29,7-29,29,817,Portrait,"GIS-RLS, ED Guidance",2023-07-05T00:00:00Z,,39535754.95720716,36343.04472869427
441,70045,Naperville,7,Naperville 45,7-45,45,199,Portrait,"GIS-RLS, ED Guidance",2023-07-05T00:00:00Z,,9240818.689938338,13620.205222730223
442,70031,Naperville,7,Naperville 31,7-31,31,344,Portrait,"GIS-RLS, ED Guidance",2023-07-05T00:00:00Z,,24234824.13591925,24234.474972975015
443,70030,Naperville,7,Naperville 30,7-30,30,344,Landscape,"GIS-RLS, ED Guidance",2023-07-05T00:00:00Z,,11979619.391322298,17070.305666827848
444,70022,Naperville,7,Naperville 22,7-22,22,344,Landscape,"GIS-RLS, ED Guidance",2023-07-05T00:00:00Z,,12559148.820240512,18199.205766409403
445,70021,Naperville,7,Naperville 21,7-21,21,817,Landscape,"GIS-RLS, ED Guidance",2023-07-05T00:00:00Z,,11453504.269616952,15023.403666776398
446,70026,Naperville,7,Naperville 26,7-26,26,748,Portrait,"GIS-RLS, ED Guidance",2023-07-05T00:00:00Z,,18421362.509264607,22017.01173109925
447,70033,Naperville,7,Naperville 33,7-33,33,679,Portrait,"GIS-RLS, ED Guidance",2023-07-05T00:00:00Z,,6087924.786955116,11830.15300834192
448,70032,Naperville,7,Naperville 32,7-32,32,395,Landscape,"GIS-RLS, ED Guidance",2023-07-05T00:00:00Z,,7735724.510242949,15316.12463441881
449,70037,Naperville,7,Naperville 37,7-37,37,395,Landscape,"GIS-RLS, ED Guidance",2023-07-05T00:00:00Z,,9657285.680568974,15761.376230719248
450,90008,Downers Grove,9,Downers Grove 8,9-8,8,921,Landscape,"GIS-RLS, ED Guidance",2023-07-05T00:00:00Z,,9980095.433298225,13337.9094498273
451,90007,Downers Grove,9,Downers Grove 7,9-7,7,696,Landscape,"GIS-RLS, ED Guidance",2023-07-05T00:00:00Z,,13189374.246854596,15582.643519095373
452,90020,Downers Grove,9,Downers Grove 20,9-20,20,82,Portrait,"GIS-RLS, ED Guidance",2023-07-05T00:00:00Z,,7996037.661864008,18080.065130287396
453,90019,Downers Grove,9,Downers Grove 19,9-19,19,82,Landscape,"GIS-RLS, ED Guidance",2023-07-05T00:00:00Z,,6832973.835247758,10767.60146575456
454,90014,Downers Grove,9,Downers Grove 14,9-14,14,426,Landscape,"GIS-RLS, ED Guidance",2023-07-05T00:00:00Z,,6204815.387283977,11331.885113227965
455,90031,Downers Grove,9,Downers Grove 31,9-31,31,808,Portrait,"GIS-RLS, ED Guidance",2023-07-05T00:00:00Z,,7827284.018754739,11907.90640036349
456,90033,Downers Grove,9,Downers Grove 33,9-33,33,460,Landscape,"GIS-RLS, ED Guidance",2023-07-05T00:00:00Z,,6967950.673736251,12052.018102075639
457,90029,Downers Grove,9,Downers Grove 29,9-29,29,437,Portrait,"GIS-RLS, ED Guidance",2023-07-05T00:00:00Z,,6303937.538636805,10094.122869948327
458,90030,Downers Grove,9,Downers Grove 30,9-30,30,508,Landscape,"GIS-RLS, ED Guidance",2023-07-05T00:00:00Z,,8230197.944743722,11492.567116105645
459,90025,Downers Grove,9,Downers Grove 25,9-25,25,162,Landscape,"GIS-RLS, ED Guidance",2023-07-05T00:00:00Z,,7458022.733608962,16819.725850275077
460,90011,Downers Grove,9,Downers Grove 11,9-11,11,928,Landscape,"GIS-RLS, ED Guidance",2023-07-05T00:00:00Z,,7204256.736541517,15334.908692645096
461,90078,Downers Grove,9,Downers Grove 78,9-78,78,795,Portrait,"GIS-RLS, ED Guidance",2023-07-05T00:00:00Z,,17664166.80628998,19438.628158192994
462,90089,Downers Grove,9,Downers Grove 89,9-89,89,776,Portrait,"GIS-RLS, ED Guidance",2023-07-05T00:00:00Z,,11108742.72291533,14269.181095584043
463,90091,Downers Grove,9,Downers Grove 91,9-91,91,828,Portrait,"GIS-RLS, ED Guidance",2023-07-05T00:00:00Z,,14389426.82655415,16174.793974389615
464,90067,Downers Grove,9,Downers Grove 67,9-67,67,250,Portrait,"GIS-RLS, ED Guidance",2023-07-05T00:00:00Z,,9189231.965957416,13261.055330292429
465,90072,Downers Grove,9,Downers Grove 72,9-72,72,250,Portrait,"GIS-RLS, ED Guidance",2023-07-05T00:00:00Z,,9084737.489571547,13139.895241606326
466,90083,Downers Grove,9,Downers Grove 83,9-83,83,301,Portrait,"GIS-RLS, ED Guidance",2023-07-05T00:00:00Z,,14449256.943107704,16696.72934924746
467,90082,Downers Grove,9,Downers Grove 82,9-82,82,301,Portrait,"GIS-RLS, ED Guidance",2023-07-05T00:00:00Z,,5592668.863816277,12779.396328229092
468,90090,Downers Grove,9,Downers Grove 90,9-90,90,301,Portrait,"GIS-RLS, ED Guidance",2023-07-05T00:00:00Z,,9854000.795713827,14617.173023085981
469,90045,Downers Grove,9,Downers Grove 45,9-45,45,444,Portrait,"GIS-RLS, ED Guidance",2023-07-05T00:00:00Z,,12329543.444423808,15829.057683155706
470,90041,Downers Grove,9,Downers Grove 41,9-41,41,792,Portrait,"GIS-RLS, ED Guidance",2023-07-05T00:00:00Z,,10455351.476552196,14906.368647450601
471,90040,Downers Grove,9,Downers Grove 40,9-40,40,75,Landscape,"GIS-RLS, ED Guidance",2023-07-05T00:00:00Z,,8228567.498650358,13448.529456322232
472,90074,Downers Grove,9,Downers Grove 74,9-74,74,941,Portrait,"GIS-RLS, ED Guidance",2023-07-05T00:00:00Z,,29786919.879583918,29606.633859309743
473,90049,Downers Grove,9,Downers Grove 49,9-49,49,508,Portrait,"GIS-RLS, ED Guidance",2023-07-05T00:00:00Z,,6988649.583151653,10574.468417808592
474,90048,Downers Grove,9,Downers Grove 48,9-48,48,476,Landscape,"GIS-RLS, ED Guidance",2023-07-05T00:00:00Z,,8826326.95440327,13320.897715940679
475,90046,Downers Grove,9,Downers Grove 46,9-46,46,794,Portrait,"GIS-RLS, ED Guidance",2023-07-05T00:00:00Z,,12941610.784666993,18571.185772829846
476,90047,Downers Grove,9,Downers Grove 47,9-47,47,476,Portrait,"GIS-RLS, ED Guidance",2023-07-05T00:00:00Z,,8723981.374831773,15961.625267084864
477,90052,Downers Grove,9,Downers Grove 52,9-52,52,788,Landscape,"GIS-RLS, ED Guidance",2023-07-05T00:00:00Z,,17534195.441800445,19735.38108420915
478,90084,Downers Grove,9,Downers Grove 84,9-84,84,56,Landscape,"GIS-RLS, ED Guidance",2023-07-05T00:00:00Z,,34051379.578631766,25684.13957221638
479,90001,Downers Grove,9,Downers Grove 1,9-1,1,831,Landscape,"GIS-RLS, ED Guidance",2024-08-21T00:00:00Z,,12018945.86414273,14283.573862095302
480,90036,Downers Grove,9,Downers Grove 36,9-36,36,444,Landscape,"GIS-RLS, ED Guidance",2023-07-05T00:00:00Z,,9365720.805215038,14808.487278820132
481,90053,Downers Grove,9,Downers Grove 53,9-53,53,410,Landscape,"GIS-RLS, ED Guidance",2023-07-05T00:00:00Z,,9783252.002572728,12687.638365301224
482,90061,Downers Grove,9,Downers Grove 61,9-61,61,410,Portrait,"GIS-RLS, ED Guidance",2023-07-05T00:00:00Z,,6307709.000162496,10131.635200149085
483,90079,Downers Grove,9,Downers Grove 79,9-79,79,795,Portrait,"GIS-RLS, ED Guidance",2023-07-05T00:00:00Z,,5974228.68142856,12659.848633062556
484,90080,Downers Grove,9,Downers Grove 80,9-80,80,104,Landscape,"GIS-RLS, ED Guidance",2023-07-05T00:00:00Z,,10446169.287956947,18151.99432582381
485,90095,Downers Grove,9,Downers Grove 95,9-95,95,775,Landscape,"GIS-RLS, ED Guidance",2023-07-05T00:00:00Z,,21640985.086351804,22586.385290341674
486,90057,Downers Grove,9,Downers Grove 57,9-57,57,431,Landscape,"GIS-RLS, ED Guidance",2023-07-05T00:00:00Z,,6698265.388454273,11998.923023044916
487,90050,Downers Grove,9,Downers Grove 50,9-50,50,75,Portrait,"GIS-RLS, ED Guidance",2023-07-05T00:00:00Z,,9218697.057550283,14446.69649247977
488,90058,Downers Grove,9,Downers Grove 58,9-58,58,431,Landscape,"GIS-RLS, ED Guidance",2023-07-05T00:00:00Z,,14061816.630723989,15909.456042985046
489,90059,Downers Grove,9,Downers Grove 59,9-59,59,273,Portrait,"GIS-RLS, ED Guidance",2023-07-05T00:00:00Z,,6193341.709815306,10907.88952000484
490,90006,Downers Grove,9,Downers Grove 6,9-6,6,798,Landscape,"GIS-RLS, ED Guidance",2023-07-05T00:00:00Z,,19471255.214410678,24124.602710452622
491,90015,Downers Grove,9,Downers Grove 15,9-15,15,921,Portrait,"GIS-RLS, ED Guidance",2023-07-05T00:00:00Z,,11132705.09805282,14539.883584854448
492,90013,Downers Grove,9,Downers Grove 13,9-13,13,426,Landscape,"GIS-RLS, ED Guidance",2023-07-05T00:00:00Z,,5246568.504277914,10772.383148192239
493,90012,Downers Grove,9,Downers Grove 12,9-12,12,426,Landscape,"GIS-RLS, ED Guidance",2023-07-05T00:00:00Z,,8342258.009214943,13956.349155884855
494,90024,Downers Grove,9,Downers Grove 24,9-24,24,162,Landscape,"GIS-RLS, ED Guidance",2023-07-05T00:00:00Z,,13097773.971611593,19665.314503235193
495,90003,Downers Grove,9,Downers Grove 3,9-3,3,839,Landscape,"GIS-RLS, ED Guidance",2023-07-05T00:00:00Z,,13652666.300198413,15614.434208045222
496,90094,Downers Grove,9,Downers Grove 94,9-94,94,612,Landscape,"GIS-RLS, ED Guidance",2023-07-05T00:00:00Z,,15456542.396600924,18909.5272186214
497,90022,Downers Grove,9,Downers Grove 22,9-22,22,928,Landscape,"GIS-RLS, ED Guidance",2023-07-05T00:00:00Z,,11159142.639261039,16159.609306771343
498,90035,Downers Grove,9,Downers Grove 35,9-35,35,655,Portrait,"GIS-RLS, ED Guidance",2023-07-05T00:00:00Z,,12724385.541606959,15064.065234385082
499,90034,Downers Grove,9,Downers Grove 34,9-34,34,655,Portrait,"GIS-RLS, ED Guidance",2023-07-05T00:00:00Z,,6958703.243475496,14528.392904507595
500,90042,Downers Grove,9,Downers Grove 42,9-42,42,792,Portrait,"GIS-RLS, ED Guidance",2023-07-05T00:00:00Z,,7904117.1907448415,12128.879486951066
501,90005,Downers Grove,9,Downers Grove 5,9-5,5,934,Landscape,"GIS-RLS, ED Guidance",2023-07-05T00:00:00Z,,19256762.51335041,20077.483836896023
502,90004,Downers Grove,9,Downers Grove 4,9-4,4,934,Landscape,"GIS-RLS, ED Guidance",2023-07-05T00:00:00Z,,8771693.567034483,11904.547440795553
503,90010,Downers Grove,9,Downers Grove 10,9-10,10,511,Landscape,"GIS-RLS, ED Guidance",2023-07-05T00:00:00Z,,17052923.163790513,19838.845763532492
504,90016,Downers Grove,9,Downers Grove 16,9-16,16,511,Portrait,"GIS-RLS, ED Guidance",2023-07-05T00:00:00Z,,11984629.497895107,15945.445860620795
505,90021,Downers Grove,9,Downers Grove 21,9-21,21,928,Portrait,"GIS-RLS, ED Guidance",2023-07-05T00:00:00Z,,10064415.781703124,17020.768955667394
506,90032,Downers Grove,9,Downers Grove 32,9-32,32,808,Portrait,"GIS-RLS, ED Guidance",2023-07-05T00:00:00Z,,7891165.7269840315,12290.533484650958
507,90039,Downers Grove,9,Downers Grove 39,9-39,39,508,Landscape,"GIS-RLS, ED Guidance",2023-07-05T00:00:00Z,,9843756.66675986,13505.468084654525
508,90018,Downers Grove,9,Downers Grove 18,9-18,18,82,Portrait,"GIS-RLS, ED Guidance",2023-07-05T00:00:00Z,,4491890.672674938,8655.969757781899
509,90062,Downers Grove,9,Downers Grove 62,9-62,62,410,Portrait,"GIS-RLS, ED Guidance",2023-07-05T00:00:00Z,,8780192.2206431,15877.060998330346
510,90063,Downers Grove,9,Downers Grove 63,9-63,63,940,Portrait,"GIS-RLS, ED Guidance",2023-07-05T00:00:00Z,,11526325.933183968,16643.499245438466
511,90093,Downers Grove,9,Downers Grove 93,9-93,93,56,Landscape,"GIS-RLS, ED Guidance",2023-07-05T00:00:00Z,,21122612.81218783,21227.22840318919
512,90038,Downers Grove,9,Downers Grove 38,9-38,38,437,Landscape,"GIS-RLS, ED Guidance",2023-07-05T00:00:00Z,,7897483.601578113,11916.340273366803
513,90028,Downers Grove,9,Downers Grove 28,9-28,28,437,Portrait,"GIS-RLS, ED Guidance",2023-07-05T00:00:00Z,,6750488.906981787,11874.890801790498
514,90098,Downers Grove,9,Downers Grove 98,9-98,98,828,Landscape,"GIS-RLS, ED Guidance",2023-07-05T00:00:00Z,,53910557.93666498,40635.64613299887
515,90017,Downers Grove,9,Downers Grove 17,9-17,17,511,Landscape,"GIS-RLS, ED Guidance",2023-07-05T00:00:00Z,,7370955.951032765,10914.425007751906
516,90060,Downers Grove,9,Downers Grove 60,9-60,60,788,Portrait,"GIS-RLS, ED Guidance",2023-07-05T00:00:00Z,,8862117.838035954,13134.561534654953
517,90096,Downers Grove,9,Downers Grove 96,9-96,96,801,Landscape,"GIS-RLS, ED Guidance",2023-07-05T00:00:00Z,,21098075.010424703,21263.39219566823
518,90086,Downers Grove,9,Downers Grove 86,9-86,86,795,Landscape,"GIS-RLS, ED Guidance",2023-07-05T00:00:00Z,,20004317.110213637,21769.64224405526
519,90085,Downers Grove,9,Downers Grove 85,9-85,85,612,Landscape,"GIS-RLS, ED Guidance",2023-07-05T00:00:00Z,,10720698.395031264,15974.398408098928
520,90077,Downers Grove,9,Downers Grove 77,9-77,77,803,Portrait,"GIS-RLS, ED Guidance",2023-07-05T00:00:00Z,,17218709.643226963,18299.946062590137
521,90076,Downers Grove,9,Downers Grove 76,9-76,76,803,Portrait,"GIS-RLS, ED Guidance",2023-07-05T00:00:00Z,,12107219.633884715,20982.213832916714
522,90101,Downers Grove,9,Downers Grove 101,9-101,101,935,Landscape,"GIS-RLS, ED Guidance",2023-07-05T00:00:00Z,,18233858.330328017,25965.178166954203
523,90055,Downers Grove,9,Downers Grove 55,9-55,55,794,Portrait,"GIS-RLS, ED Guidance",2023-07-05T00:00:00Z,,9670412.596026735,15326.737161031597
524,90009,Downers Grove,9,Downers Grove 9,9-9,9,921,Portrait,"GIS-RLS, ED Guidance",2023-07-05T00:00:00Z,,6776403.092502354,11901.026378206912
525,90070,Downers Grove,9,Downers Grove 70,9-70,70,146,Landscape,"GIS-RLS, ED Guidance",2023-07-05T00:00:00Z,,8223420.6816152055,11613.625317240942
526,90037,Downers Grove,9,Downers Grove 37,9-37,37,114,Landscape,"GIS-RLS, ED Guidance",2023-07-05T00:00:00Z,,10578563.700161694,13279.962778906669
527,90065,Downers Grove,9,Downers Grove 65,9-65,65,147,Landscape,"GIS-RLS, ED Guidance",2023-07-05T00:00:00Z,,11642975.009955026,18968.85126791998
528,90056,Downers Grove,9,Downers Grove 56,9-56,56,147,Landscape,"GIS-RLS, ED Guidance",2023-07-05T00:00:00Z,,7010580.7706373865,13243.45078773745
529,90075,Downers Grove,9,Downers Grove 75,9-75,75,941,Portrait,"GIS-RLS, ED Guidance",2023-07-05T00:00:00Z,,29719811.09536609,23408.994834062858
530,90099,Downers Grove,9,Downers Grove 99,9-99,99,827,Landscape,"GIS-RLS, ED Guidance",2023-07-05T00:00:00Z,,14806673.06087259,18759.04917455033
531,90071,Downers Grove,9,Downers Grove 71,9-71,71,271,Portrait,"GIS-RLS, ED Guidance",2023-07-05T00:00:00Z,,8541811.228693333,14035.269483809578
532,90051,Downers Grove,9,Downers Grove 51,9-51,51,75,Landscape,"GIS-RLS, ED Guidance",2023-07-05T00:00:00Z,,13942128.667797973,17076.943986645416
533,90023,Downers Grove,9,Downers Grove 23,9-23,23,460,Landscape,"GIS-RLS, ED Guidance",2023-07-05T00:00:00Z,,6060462.858119712,11093.302214827057
534,90100,Downers Grove,9,Downers Grove 100,9-100,100,801,Landscape,"GIS-RLS, ED Guidance",2023-07-05T00:00:00Z,,26958065.270291265,26784.38899139153
535,90026,Downers Grove,9,Downers Grove 26,9-26,26,114,Landscape,"GIS-RLS, ED Guidance",2023-07-05T00:00:00Z,,6851477.849329781,13245.842129242432
536,90054,Downers Grove,9,Downers Grove 54,9-54,54,940,Portrait,"GIS-RLS, ED Guidance",2023-07-05T00:00:00Z,,8876299.08977388,12226.440231211493
537,90103,Downers Grove,9,Downers Grove 103,9-103,103,827,Portrait,"GIS-RLS, ED Guidance",2023-07-05T00:00:00Z,,54028024.91308553,36047.294813319444
538,90102,Downers Grove,9,Downers Grove 102,9-102,102,935,Landscape,"GIS-RLS, ED Guidance",2023-07-05T00:00:00Z,,183892498.780913,58966.70381037156
539,90043,Downers Grove,9,Downers Grove 43,9-43,43,792,Portrait,"GIS-RLS, ED Guidance",2023-07-05T00:00:00Z,,8970344.349500397,12274.565295820672
540,90002,Downers Grove,9,Downers Grove 2,9-2,2,839,Landscape,"GIS-RLS, ED Guidance",2023-07-05T00:00:00Z,,8732069.266764233,12233.818737567459
541,90027,Downers Grove,9,Downers Grove 27,9-27,27,114,Landscape,"GIS-RLS, ED Guidance",2023-07-05T00:00:00Z,,8132662.3918298045,16306.45030069141
542,90044,Downers Grove,9,Downers Grove 44,9-44,44,444,Landscape,"GIS-RLS, ED Guidance",2023-07-05T00:00:00Z,,9123613.556009121,14086.385599539204
543,90064,Downers Grove,9,Downers Grove 64,9-64,64,794,Landscape,"GIS-RLS, ED Guidance",2023-07-05T00:00:00Z,,9781779.033366876,14164.911986015863
544,90069,Downers Grove,9,Downers Grove 69,9-69,69,317,Portrait,"GIS-RLS, ED Guidance",2023-07-05T00:00:00Z,,10112057.159568008,15891.892585566226
545,90068,Downers Grove,9,Downers Grove 68,9-68,68,317,Portrait,"GIS-RLS, ED Guidance",2023-07-05T00:00:00Z,,7645869.088938193,12117.059161571444
546,90081,Downers Grove,9,Downers Grove 81,9-81,81,776,Portrait,"GIS-RLS, ED Guidance",2023-07-05T00:00:00Z,,5867538.535970073,9795.445135011545
547,90073,Downers Grove,9,Downers Grove 73,9-73,73,250,Portrait,"GIS-RLS, ED Guidance",2023-07-05T00:00:00Z,,15330518.03550026,17222.2690260536
548,90066,Downers Grove,9,Downers Grove 66,9-66,66,431,Portrait,"GIS-RLS, ED Guidance",2023-07-05T00:00:00Z,,6758585.491326785,10365.941000069171
549,90092,Downers Grove,9,Downers Grove 92,9-92,92,775,Landscape,"GIS-RLS, ED Guidance",2023-07-05T00:00:00Z,,16267012.793704255,18619.647019190397
550,40008,Winfield,4,Winfield 8,4-8,8,531,Portrait,"GIS-RLS, ED Guidance",2023-07-05T00:00:00Z,,9051132.394952783,16830.770021708253
551,40010,Winfield,4,Winfield 10,4-10,10,502,Portrait,"GIS-RLS, ED Guidance",2023-07-05T00:00:00Z,,8974185.435278608,14791.31868134789
552,40001,Winfield,4,Winfield 1,4-1,1,843,Landscape,"GIS-RLS, ED Guidance",2023-07-05T00:00:00Z,,101690553.27308916,61752.546390231095
553,40015,Winfield,4,Winfield 15,4-15,15,534,Portrait,"GIS-RLS, ED Guidance",2023-07-05T00:00:00Z,,16599847.369606057,17033.10524367768
554,40006,Winfield,4,Winfield 6,4-6,6,150,Landscape,"GIS-RLS, ED Guidance",2023-07-05T00:00:00Z,,20275817.124045968,23028.542193380144
555,40003,Winfield,4,Winfield 3,4-3,3,423,Landscape,"GIS-RLS, ED Guidance",2023-07-05T00:00:00Z,,39408464.600332044,26093.25950913648
556,40002,Winfield,4,Winfield 2,4-2,2,423,Landscape,"GIS-RLS, ED Guidance",2023-07-05T00:00:00Z,,21942767.43019502,21084.040082055246
557,40009,Winfield,4,Winfield 9,4-9,9,907,Portrait,"GIS-RLS, ED Guidance",2023-07-05T00:00:00Z,,16005760.802858183,23680.203536167985
558,40013,Winfield,4,Winfield 13,4-13,13,502,Portrait,"GIS-RLS, ED Guidance",2023-07-05T00:00:00Z,,32524984.662849233,36483.69339272268
559,40019,Winfield,4,Winfield 19,4-19,19,206,Portrait,"GIS-RLS, ED Guidance",2023-07-05T00:00:00Z,,90839352.19024768,49029.9975763419
560,40018,Winfield,4,Winfield 18,4-18,18,490,Landscape,"GIS-RLS, ED Guidance",2023-07-05T00:00:00Z,,46200140.52485978,28502.11728049115
561,40025,Winfield,4,Winfield 25,4-25,25,599,Landscape,"GIS-RLS, ED Guidance",2023-07-05T00:00:00Z,,18413935.815806113,20824.389283916415
562,40026,Winfield,4,Winfield 26,4-26,26,599,Landscape,"GIS-RLS, ED Guidance",2023-07-05T00:00:00Z,,10395073.44737302,14539.242287798323
563,40024,Winfield,4,Winfield 24,4-24,24,599,Landscape,"GIS-RLS, ED Guidance",2023-07-05T00:00:00Z,,19285757.125440523,19118.766307709484
564,40022,Winfield,4,Winfield 22,4-22,22,786,Landscape,"GIS-RLS, ED Guidance",2023-07-05T00:00:00Z,,26620032.907168902,29145.30119201667
565,40012,Winfield,4,Winfield 12,4-12,12,907,Portrait,"GIS-RLS, ED Guidance",2023-07-05T00:00:00Z,,321939350.1824025,76009.04474129002
566,40007,Winfield,4,Winfield 7,4-7,7,150,Portrait,"GIS-RLS, ED Guidance",2023-07-05T00:00:00Z,,24633160.039406642,24669.771421583533
567,40027,Winfield,4,Winfield 27,4-27,27,206,Landscape,"GIS-RLS, ED Guidance",2023-07-05T00:00:00Z,,10011161.26418465,15966.913823342564
568,40016,Winfield,4,Winfield 16,4-16,16,103,Landscape,"GIS-RLS, ED Guidance",2023-07-05T00:00:00Z,,48287536.42842464,33363.044423075
569,40005,Winfield,4,Winfield 5,4-5,5,843,Landscape,"GIS-RLS, ED Guidance",2023-07-05T00:00:00Z,,20363105.394002583,24729.734270833254
570,40014,Winfield,4,Winfield 14,4-14,14,534,Landscape,"GIS-RLS, ED Guidance",2023-07-05T00:00:00Z,,42644152.18225424,27737.6047106886
571,40017,Winfield,4,Winfield 17,4-17,17,461,Portrait,"GIS-RLS, ED Guidance",2023-07-05T00:00:00Z,,9291976.1254936,13608.788424181666
572,40011,Winfield,4,Winfield 11,4-11,11,150,Landscape,"GIS-RLS, ED Guidance",2023-07-05T00:00:00Z,,11010917.00495745,16537.935641773456
573,60032,York,6,York 32,6-32,32,220,Portrait,"GIS-RLS, ED Guidance",2023-07-05T00:00:00Z,,6237395.718674225,11372.361642213727
574,20070,Bloomingdale,2,Bloomingdale 70,2-70,70,189,Landscape,"GIS-RLS, ED Guidance",2023-07-05T00:00:00Z,,8723590.051337041,20154.916875187595
575,30013,Addison,3,Addison 13,3-13,13,514,Portrait,"GIS-RLS, ED Guidance",2023-07-05T00:00:00Z,,11001716.356771428,22101.88641042718
576,30012,Addison,3,Addison 12,3-12,12,514,Portrait,"GIS-RLS, ED Guidance",2023-07-05T00:00:00Z,,5168506.036220457,11179.066872605
577,50069,Milton,5,Milton 69,5-69,69,239,Portrait,"GIS-RLS, ED Guidance",2023-07-05T00:00:00Z,,11077945.46149139,15620.434760476013
578,50077,Milton,5,Milton 77,5-77,77,43,Landscape,"GIS-RLS, ED Guidance",2023-07-05T00:00:00Z,,65763729.70983973,42927.31651853991
579,50048,Milton,5,Milton 48,5-48,48,441,Portrait,"GIS-RLS, ED Guidance",2023-07-05T00:00:00Z,,5035460.125984005,9902.533990497886
580,50061,Milton,5,Milton 61,5-61,61,521,Landscape,"GIS-RLS, ED Guidance",2023-07-05T00:00:00Z,,5362231.717675231,9652.875786176332
581,10039,Wayne,1,Wayne 39,1-39,39,498,Portrait,"GIS-RLS, ED Guidance",2023-07-05T00:00:00Z,,30427068.831889905,26626.483676371343
582,40020,Winfield,4,Winfield 20,4-20,20,461,Landscape,"GIS-RLS, ED Guidance",2023-07-05T00:00:00Z,,5578066.244644419,11441.823671685683
583,40023,Winfield,4,Winfield 23,4-23,23,461,Portrait,"GIS-RLS, ED Guidance",2023-07-05T00:00:00Z,,22630739.52275569,27993.040215263343
584,40021,Winfield,4,Winfield 21,4-21,21,490,Landscape,"GIS-RLS, ED Guidance",2023-07-05T00:00:00Z,,5698788.9601948075,11601.39920751648
585,90087,Downers Grove,9,Downers Grove 87,9-87,87,104,Portrait,"GIS-RLS, ED Guidance",2023-07-05T00:00:00Z,,7130629.083658772,11398.442609531563
586,90088,Downers Grove,9,Downers Grove 88,9-88,88,776,Portrait,"GIS-RLS, ED Guidance",2023-07-05T00:00:00Z,,9449613.744165638,15723.979763262389
587,70050,Naperville,7,Naperville 50,7-50,50,693,Landscape,"GIS-RLS, ED Guidance",2023-07-05T00:00:00Z,,9192241.442770483,16824.716121490877
588,80059,Lisle,8,Lisle 59,8-59,59,478,Portrait,"GIS-RLS, ED Guidance",2023-07-05T00:00:00Z,,13052755.65016082,18097.559276344145
589,80051,Lisle,8,Lisle 51,8-51,51,815,Landscape,"GIS-RLS, ED Guidance",2023-07-05T00:00:00Z,,27699660.61450229,22120.9064353832
590,30050,Addison,3,Addison 50,3-50,50,489,Portrait,"GIS-RLS, ED Guidance",2023-07-05T00:00:00Z,,5394018.845634243,9901.191919796987
591,70049,Naperville,7,Naperville 49,7-49,49,263,Landscape,"GIS-RLS, ED Guidance",2023-07-05T00:00:00Z,,27582639.15685728,26998.205170595767
592,10038,Wayne,1,Wayne 38,1-38,38,812,Landscape,"GIS-RLS, ED Guidance",2023-07-05T00:00:00Z,,124868183.3010129,59259.514043666895
593,70055,Naperville,7,Naperville 55,7-55,55,694,Landscape,"GIS-RLS, ED Guidance",2023-07-05T00:00:00Z,,17638947.475618213,18574.710458356563
594,70054,Naperville,7,Naperville 54,7-54,54,378,Portrait,"GIS-RLS, ED Guidance",2023-07-05T00:00:00Z,,6479911.420491365,10608.649618897103
595,70051,Naperville,7,Naperville 51,7-51,51,263,Landscape,"GIS-RLS, ED Guidance",2023-07-05T00:00:00Z,,12170047.488314293,22501.389684942915
596,10033,Wayne,1,Wayne 33,1-33,33,881,Portrait,"GIS-RLS, ED Guidance",2023-07-05T00:00:00Z,,19347910.325858567,20704.046328498203
597,80017,Lisle,8,Lisle 17,8-17,17,905,Landscape,"GIS-RLS, ED Guidance",2023-07-05T00:00:00Z,,14769427.254734395,17792.665739911496
598,90097,Downers Grove,9,Downers Grove 97,9-97,97,612,Landscape,"GIS-RLS, ED Guidance",2023-07-05T00:00:00Z,,9011773.747128569,12948.206419293601
599,40004,Winfield,4,Winfield 4,4-4,4,531,Portrait,"GIS-RLS, ED Guidance",2023-07-05T00:00:00Z,,7491455.398071805,11459.288441221504
600,50007,Milton,5,Milton 7,5-7,7,88,Landscape,"GIS-RLS, ED Guidance",2023-07-05T00:00:00Z,,13274103.919110306,17299.74327652328
